图书ID,书名,作者,出版社,是否借出
1,毛泽东同志论教育工作,毛泽东著,人民教育出版社,0
2,毛泽东论文艺,毛泽东著,人民文学出版社,0
3,列宁论中国,中共中央马克思恩格斯列宁斯大林著作编译局编译,人民出版社,0
4,马克思 恩格斯 列宁 斯大林论资本主义,主编吕薇洲,中国社会科学出版社,0
5,马克思 恩格斯 列宁 斯大林论民族,本卷主编王希恩,中国社会科学出版社,0
6,马克思 恩格斯 列宁 斯大林论社会形态,本卷主编吴玉贵,中国社会科学出版社,0
7,恩格斯传,陈林著,天地出版社,0
8,列宁.修订本,(美) 路易斯·费希尔著,国际文化出版公司,0
9,列宁传,季正矩著,天地出版社,0
10,列宁画传:列宁诞辰150周年纪念版,中共中央党史和文献研究院编,重庆出版社,0
11,十月的风:弗拉基米尔·伊里奇·列宁:事件与回忆,俄罗斯联邦共产党中央委员会组织编写,中央编译出版社,0
12,列宁,郑春兴主编,时代文艺出版社,0
13,斯大林传,(英) 罗伯特·谢伟思著,华文出版社,0
14,青年斯大林,(英) 西蒙·蒙蒂菲奥里著,民主与建设出版社,0
15,斯大林传,戴隆斌著,人民日报出版社,0
16,斯大林,郑春兴主编,时代文艺出版社,0
17,毛泽东传,蒋建农著,红旗出版社,0
18,毛泽东传,(美) 罗斯·特里尔著,中国人民大学出版社,0
19,毛泽东自传:中英文插图影印典藏版:collector's illustrated bilingual version.第2版,埃德加·斯诺笔录,中国青年出版社,0
20,毛泽东传,(美)R.特里尔著,河北人民出版社,0
21,毛泽东传,(英)  迪克·威尔逊著,国际文化出版公司,0
22,毛泽东传,(美) 罗斯·特里尔著,中国人民大学出版社,0
23,毛泽东自述.第3版,人民出版社,人民出版社,0
24,毛泽东传.第3版,菲力普·肖特著,中国青年出版社,0
25,毛泽东自传:中英文插图影印典藏版:collector's illustrated bilingual version.第3版,埃德加·斯诺笔录,中国青年出版社,0
26,伟人毛泽东,何明编,中央文献出版社,0
27,当惊世界殊:毛泽东与国际人士的交往,主编王爱枝,山西人民出版社,0
28,江天水一泓:毛泽东与文化名人的交往,主编王爱枝,山西人民出版社,0
29,当年鏖战急:毛泽东与军事人物的交往,主编王爱枝,山西人民出版社,0
30,毛泽东家风,丁晓平著,人民出版社,0
31,胡乔木回忆毛泽东.增订本,胡乔木著,人民出版社,0
32,为什么是毛泽东,任志刚著,光明日报出版社,0
33,一师毛泽东 要为天下奇,王立华著,中央文献出版社,1
34,毛泽东阅读史,陈晋著,三联书店,0
35,历史选择了毛泽东,叶永烈著,天地出版社,0
36,毛泽东读史,张贻玖著,当代中国出版社,0
37,毛泽东青少年时代的故事,湘潭市关心下一代工作委员会编,中国青年出版社,0
38,毛泽东与抗美援朝,石仲泉著,广西人民出版社,0
39,毛泽东传:1949-1976,中共中央文献研究室编,中央文献出版社,0
40,忆毛主席:我亲身经理的若干重大历史事件片段,吴冷西著,中央文献出版社,0
41,走进毛泽东的最后岁月,郭金荣著,中共党史出版社,0
42,解读青年毛泽东,张锦力著,中央文献出版社,0
43,毛泽东,郑春兴主编,时代文艺出版社,0
44,治国录:毛泽东与1949年后的中国,陈冠任编著,中共党史出版社,0
45,在纪念毛泽东同志诞辰120周年座谈会上的讲话:2013年12月26日,习近平[讲],人民出版社,0
46,光荣梦想:毛泽东人生七日谈,丁晓平著,学习出版社,0
47,毛泽东的成功之道,唐洲雁著,社会科学文献出版社,0
48,毛泽东的智慧与当代领导艺术,周国剑著,时事出版社,0
49,独领风骚:毛泽东心路解读,陈晋著,中国人民大学出版社,0
50,像毛泽东那样读书,徐中远著,中共中央党校出版社,0
51,恰同学少年:毛泽东早年读书生活.第2版,李锐著,万卷出版公司,0
52,追寻历史的真相:毛泽东与鲁迅.第3版,秋石著,上海人民出版社,0
53,邓小平传,(英) 理查德·伊文思著,国际文化出版公司,0
54,邓小平:改革是中国的第二次革命,《邓小平: 改革是中国的第二次革命》编写组著,台海出版社,0
55,历史转折中的邓小平,龙平平 ... [等] 著,四川人民出版社,0
56,中国之魂:小平出山,薛庆超著,湖南人民出版社,0
57,邓小平实录,于俊道主编,中国工人出版社,0
58,历史选择了邓小平.第3版,高屹著,武汉出版社,0
59,邓小平实录.第2版,于俊道主编,中国工人出版社,0
60,赖声川的创意学.大陆版,赖声川著,中信出版社,0
61,批判性思维训练手册,(英) 斯特拉·科特雷尔著,北京大学出版社,0
62,反垂直思维:如何愉快地搞定不想做而必须做的事,(美) 吉姆·卡斯卡特著,民主与建设出版社,0
63,思考的要诀:松浦弥太郎的幸福工作术,(日) 松浦弥太郎著,重庆出版社,0
64,看见成长的自己:the new psychology of success,(美) 卡罗尔·德韦克著,中信出版社,0
65,这是真的吗:critical thinking for sociologists,(美) 乔尔·贝斯特著,北京联合出版公司,0
66,批判性思维,(美)格雷戈里·巴沙姆 ... [等] 著,外语教学与研究出版社,0
67,思考的整理学,(日) 外山滋比古著,九州出版社,0
68,六“I”创新,(英) 娜塔莉·特纳著,湖南科学技术出版社,0
69,疯狂的念头:创意大师都在如何思考,(美) 卡洛琳·埃克特著,天津人民出版社,0
70,佛畏系统:用系统思维全面提升你的决策力,万维钢著,新星出版社,0
71,清醒思考的策略:52 uberraschende wege zum gluck,(德) 罗尔夫·多贝里著,中信出版集团,0
72,野性的思维,(法) 列维-斯特劳斯著,商务印书馆,0
73,我的IQ150:一个自闭症天才的自我发现:a tour across the horizons of the mind,(英) 丹尼尔·塔米特著,万卷出版公司,0
74,逻辑思维训练500题,于雷编著,清华大学出版社,0
75,为什么聪明人都在用清单,舒娅著,中国纺织出版社,0
76,我会独立思考:在信息过剩的时代里一本学会批判性思维的终极指南,(美) 安德里亚·戴宾克著,北京联合出版公司,0
77,快思慢想,尹晓峰编著,中国华侨出版社,0
78,暗时间:思维改变生活.第2版,刘未鹏著,电子工业出版社,0
79,思维导图,王彩虹编著,金盾出版社,0
80,她能力:探寻女性思维的真相,(美) 崔西·帕克安姆·艾洛维 (Tracy Packiam Alloway) 著,中译出版社,0
81,创造性思维入门,主编李嘉曾,江苏教育出版社,0
82,创新思维方法培养,魏传宪著,西南交通大学出版社,0
83,逻辑思维只要五步,(日) 下地宽也著,北京联合出版公司,0
84,哈佛的6堂独立思考课,(日) 狩野未希著,江西人民出版社,0
85,直觉的力量:科学与工程问题中的简化艺术:mastering complexity,(美) 桑乔伊·马哈詹著,上海科学技术出版社,0
86,伟大创意的诞生:创新自然史,(美) 史蒂文·约翰逊著,浙江科学技术出版社,0
87,清晰思考,(英)汤姆·查特菲尔德著,浙江教育出版社,0
88,批判性思维入门,(英) 马丁·科恩著,山西人民出版社,0
89,让思想冲破牢笼:一堂震撼人心的创新思维课,王健著,北京大学出版社,0
90,创意,(美) 詹姆斯· 韦伯· 扬著,中国海关出版社,0
91,思维导图从入门到精通,宋莹著,北京大学出版社,0
92,终身成长:重新定义成功的思维模式:how we can learn to fulfill our potential,(美) 卡罗尔·德韦克著,江西人民出版社,0
93,转折点:创造性的本质:the nature of creativity,(美) 陈超美著,科学出版社,0
94,清晰思考:将平凡时刻转化为非凡成果:turding ordinary moments into extraordinary results,(加) 沙恩·帕里什著,人民邮电出版社,0
95,中国人的思维批判,楚渔著,人民出版社,0
96,我的第一本逻辑思考入门,(日) 西村克已著,广东人民出版社,0
97,逆向思维,张星星著,中国商业出版社,0
98,创造思维方法训练.第2版,刘道玉著,武汉大学出版社,0
99,逻辑思考的100个关键:脑hack大全,(日) 茂木健一郎著,中国友谊出版公司,0
100,思维导图完整手册,(英) 东尼·博赞著,中信出版集团,0
101,暗时间,刘未鹏著,电子工业出版社,0
102,快行动，慢思考:快节奏生活下的自我修复:200 ways to improve your life,(美) 迪安·德尔·塞斯托著,北京联合出版公司,0
103,逻辑思维极简工作法:麦肯锡教你快速解决难题,(日) 山梨广一著,中国友谊出版公司,0
104,培养你的逻辑脑,宋欣桐著,中国华侨出版社,0
105,你只是看上去会思考,(日) 深泽真太郎著,古吴轩出版社,0
106,认知觉醒,(英) 保罗·斯隆著,中国友谊出版公司,0
107,思维导图高效工作法,陈苏娟著,中国友谊出版公司,0
108,转念:发现并感知生命的另一种可能,(美) 拜伦·凯蒂著,天津人民出版社,0
109,规范性的来源,(美) 克里斯蒂娜·科尔斯戈德著,上海译文出版社,0
110,现代世界中的伦理规范:语言、事实、理由与行动,李晔著,广西师范大学出版社,0
111,坎贝尔生活美学:从俗世的挑战到心灵的深度觉醒,(美) 戴安娜·奥斯本编,浙江人民出版社,0
112,生活美学十五讲,张轶著,北京师范大学出版社,0
113,生活中的美学,刘悦笛著,清华大学出版社,0
114,成就最美好的自己:黑玛亚身心灵美丽策划书,黑玛亚著,中国青年出版社,0
115,你的形象价值千万:做最好的自己,桑楚主编,北京联合出版公司,0
116,你的形象价值百万,(加) 英格丽·张著,中信出版社,0
117,用形象征服所有人,白山编著,北京工业大学出版社,0
118,形象的能量:形象训练大师眼中的设计法则,苏山编著,中华工商联合出版社,0
119,形象美学,黄焱冰著,广西师范大学出版社,0
120,走向自然的休闲美学:以苏轼为个案的考察,陆庆祥著,浙江大学出版社,0
121,末世太阳:一个墨西哥印第安城镇的变迁、动荡与抗争,张青仁著,商务印书馆,0
122,把自己作为方法,项飙，吴琦著,上海文艺出版社,0
123,田野调查技术手册.第2版,英国皇家人类学会编,复旦大学出版社,0
124,技术与时间,(法国) 贝尔纳·斯蒂格勒著,译林出版社,0
125,从解构到全球化批判:斯皮瓦克读本,佳亚特里·斯皮瓦克著,北京大学出版社,0
126,后殖民理性批判:正在消失的当下的历史,(印度) 佳亚特里·斯皮瓦克著,译林出版社,0
127,霍米·巴巴的后殖民理论研究,生安锋著,北京大学出版社,0
128,他者的声音:反思后殖民理论的二元结构:reflection on the dualistic structure of postcolonialism,张春晓著,北京大学出版社,0
129,和平学,刘成著,南京出版社,0
130,必须保卫社会,(法) 米歇尔·福柯著,上海人民出版社,0
131,修复性正义,(美) 霍华德·泽尔著,南京师范大学出版社,0
132,论战争与和平,(法) 多米尼克·德维尔潘著,中信出版集团股份有限公司,0
133,国家为何而战？:过去与未来的战争动机:past and future motives for war,(美) 理查德·内德·勒博著,上海人民出版社,0
134,韩国工人:阶级形成的文化与政治,(韩) 具海根著,社会科学文献出版社,0
135,蒙尘缪斯的微光:从古代到启蒙时代的博学女性:oppineita eurooppalaisia nasia antiikista valistukseen,(芬) 马里奥·T. 努尔米宁著,人民邮电出版社,0
136,24/7:晚期资本主义与睡眠的终结:Late capitalism and the ends of sleep,(美) 乔纳森·克拉里 (Jonathan Crary) 著,中信出版社,0
137,癫狂的时尚,阳文丽著,凤凰出版社,0
138,身份与暴力:命运的幻象:the illusion of destiny,阿马蒂亚·森著,中国人民大学出版社,0
139,中国少数民族地区社会发展与族际交往,马戎著,社会科学文献出版社,0
140,思想中国:现代性民族国家重构的前沿问题,吴励生著,商务印书馆,0
141,华侨华人研究报告.2015.2015,主编贾益民,社会科学文献出版社,0
142,在地化与文化传承:第一届婆罗洲华人国际学术研讨会论文集,主编石沧金,暨南大学出版社,0
143,迁徙、家乡与认同:文化比较视野下的海外华人研究,陈志明著,商务印书馆,0
144,泰国华侨华人史话,叶曙明著,广东教育出版社,0
145,和谐世界之桥:华侨华人与中国国家软实力,陈奕平主编,暨南大学出版社,0
146,华人的文化认同与自信:基于心理、行为的研究,尚会鹏著,中信出版集团股份有限公司,0
147,漂流:华人移民的身份混成与文化整合,陈国贲著,暨南大学出版社,0
148,他者中的华人:中国近现代移民史:emigration in modern times,(美) 孔飞力著,江苏人民出版社,0
149,中国宗教与宗教学,晏可佳主编,上海人民出版社,0
150,基层乡村和社区治理研究,龚卫东著,中国农业出版社,0
151,乡镇治理与政府制度化,赵树凯著,商务印书馆,0
152,乡村治理现代化研究,徐桐柱著,中国社会科学出版社,0
153,枫桥经验与乡村治理,主编吴文革,安徽科学技术出版社,0
154,村治模式:若干案例研究,贺雪峰著,山东人民出版社,0
155,乡村治理的社会基础,贺雪峰著,三联书店,0
156,村庄内源性组织与乡村治理:浙东刘村老人会的人类学研究 (1990-2020),阮云星 ... [等] 著,上海社会科学院出版社,0
157,北京国际形象与对外文化传播,曲茹主编,清华大学出版社,0
158,跨越边界的社区:北京“浙江村”的生活史.修订版,项飙著,生活书店出版有限公司,0
159,跨越边界的社区:北京“浙江村”的生活史,项飚著,生活·读书·新知三联书店,0
160,北京政治文明建设研究报告,北京政治文明建设研究中心编,北京联合出版公司,0
161,立法学,周祖成主编,中国法制出版社,0
162,立法学,主编曾粤兴,清华大学出版社,0
163,立法过程中的公共参与,李林主编,中国社会科学出版社,0
164,论立法与法学的当代使命,(德)弗里德里希·卡尔·冯·萨维尼著,中国法制出版社,0
165,立法学:原理、程序、制度与技术,杨临宏著,中国社会科学出版社,0
166,授权立法的法理思考,邓世豹著,中国人民公安大学出版社,0
167,立法的尊严,(美) 杰里米·沃尔德伦著,华东师范大学出版社,0
168,法治秩序的建构.增补版,季卫东著,商务印书馆,0
169,法律社会学:理论与应用:theory and application,主编王三秀,华中科技大学出版社,0
170,法社会学,(德) 尼克拉斯·卢曼著,上海人民出版社,0
171,算法社会中的法律沉思,汪雄主编,中国政法大学出版社,0
172,卢曼法社会学理论研究:以法律与社会的关系问题为中心,杜健荣著,法律出版社,0
173,法律制度的功能与偏离:无因管理制度论:on negotiorum gestio,万方著,中国法制出版社,0
174,迈向法治,(美) 詹姆斯·E. 弗莱明编,浙江大学出版社,0
175,议论与法社会学:通过沟通寻找最大公约数的研究,季卫东编著,译林出版社,0
176,法社会学信札,刘思达著,北京大学出版社,0
177,法理学:法律哲学与法律方法:the philosophy and method of the law,(美) E. 博登海默著,中国政法大学出版社,0
178,法理学.第2版,卓泽渊著,法律出版社,0
179,法哲学,(英) 约翰·菲尼斯著,中国政法大学出版社,0
180,你看我说:一个法学者的人间情味:a jurist feels the world,王人博著,北京大学出版社,0
181,法律行为论,杨代雄著,北京大学出版社,0
182,法哲学,(德) 莱因荷德·齐佩利乌斯著,北京大学出版社,0
183,法理四篇,喻中著,中国法制出版社,0
184,法的思辨与实证,谢晖著,法律出版社,0
185,原始人的法:法律的动态比较研究.第2版,霍贝尔,法律出版社,0
186,论利益均衡的法律调控,姚文胜著,中国社会科学出版社,0
187,哈特: 法律的性质,(美) 马修·克雷默著,上海人民出版社,0
188,法理泛在:法理主题致辞集,张文显著,法律出版社,0
189,权利哲学史,(美) 加里·B. 赫伯特著,华东师范大学出版社,0
190,经济、社会和文化权利的法理学研究,杨春福等著,法律出版社,0
191,法是什么?:法哲学的基本问题:grundfragen der rechtsphilosophie,(德) 诺伯特·霍斯特著,中国政法大学出版社,0
192,立法之路:本体形上法哲学与国家政治思想研究,徐龙飞著,商务印书馆,0
193,法律系统的自我反思:功能分化时代的法理学,泮伟江著,商务印书馆,0
194,法理卮言:法哲学视野中的法或法律:from the perspective of the philosophy of ius or lex,周静著,社会科学文献出版社,0
195,法律与道德的性质研究,(瑞典) 阿克塞尔·黑格斯特罗姆著,商务印书馆,0
196,法律的权威:关于法律与道德论文集:essays on law and morality.第2版,(英) 约瑟夫·拉兹著,法律出版社,0
197,“法的渊源”意味着什么？,雷磊著,中国政法大学出版社,0
198,法律制度:对法律理论的一种解说,(英)尼尔·麦考密克著,法律出版社,0
199,历史视域下的法哲学,(德) 卡尔·乔基姆·弗里德里希著,商务印书馆,0
200,法哲学导引,(德) 拉德布鲁赫著,商务印书馆,0
201,读懂法理学,(英) 雷蒙德·瓦克斯著,广西师范大学出版社,0
202,法理学,雷磊著,中国政法大学出版社,0
203,理由与权威:约瑟夫·拉兹的法律规范性理论,金韬著,法律出版社,0
204,法律、自由与道德,(英) H. L. A. 哈特著,商务印书馆,0
205,富勒法哲学,吴彦主编,商务印书馆,0
206,古典法学的风格,黄涛著,东方出版中心,0
207,法律现实主义新论,陆宇峰著,法律出版社,0
208,例外状态的法政哲学:庚子六题,谢晖著,知识产权出版社,0
209,法律哲学概论,(美) 威廉·欧内斯特·霍金著,天津人民出版社,0
210,人们为什么遵守法律,(美) 汤姆·R. 泰勒著,中国法制出版社,0
211,原则、效力与法律的概念,刘叶深著,中国政法大学出版社,0
212,法律与道德,(波) 列昂·彼得拉日茨基著,商务印书馆,0
213,自然化法学:美国法律现实主义和法哲学中的自然主义文集:essays on American legal realism and naturali...,(美) 布莱恩·莱特著,商务印书馆,0
214,英美司法方法释义,李培锋著,知识产权出版社,0
215,法之力:英美法系经典案例详解:navigating established common law cases,(新西兰) 霍建强著,中国政法大学出版社,0
216,法学阶梯,(古罗马) 优士丁尼著,中国政法大学出版社,0
217,英美法.新版,(日) 望月礼二郎著,商务印书馆,0
218,英美法审判程序与司法推理,高凌云编著,复旦大学出版社,0
219,罗马法教科书.2017年校订版,(意) 彼德罗·彭梵得著,中国政法大学出版社,0
220,英美法原理,(美) 阿瑟·古恩著,厦门大学出版社,0
221,普通法简史:a brief history of the common law,(英) 哈利·波特著,北京大学出版社,0
222,英美法导论,王泽鉴主编,北京大学出版社,0
223,罗马法与欧洲法,何勤华等著,人民出版社,0
224,共产主义的法律理论,(奥) 凯尔森著,中国法制出版社,0
225,比较法.修订版,(日) 大木雅夫著,法律出版社,0
226,中西法律文化比较研究,张中秋著,南京大学出版社,0
227,法学的圣殿:西方法律思想与法学流派,徐爱国著,中国法制出版社,0
228,疯癫与文明:理性时代的疯癫史.第5版,(法) 米歇尔·福柯著,三联书店,0
229,自然社会:自然法与现代道德世界的形成,李猛著,生活·读书·新知三联书店,0
230,规训与惩罚:监狱的诞生-第3版,(法) 米歇尔·福柯著,三联书店,0
231,规训与惩罚:监狱的诞生.第5版,(法) 福柯著,生活·读书·新知三联书店,0
232,疯癫与文明:理性时代的疯癫史.第2版,(法) 米歇尔·福柯著,三联书店,0
233,西方法治思想精义,史彤彪著,黑龙江教育出版社,0
234,西方法律思想简史,(爱尔兰) 约翰·莫里斯·凯利著,法律出版社,0
235,法律的经济分析.第2版,理查德·波斯纳,法律出版社,0
236,西方法律思想史.第3版,主编严存生,法律出版社,0
237,西方法律思想史,何勤华主编,复旦大学出版社,0
238,外国法制史.第5版,主编何勤华,法律出版社,0
239,西方法律思想史.第2版,主编谷春德,中国人民大学出版社,0
240,古代法,(英) 亨利·梅因著,法律出版社,0
241,疯癫与文明:理性时代的疯癫史,(法) 米歇尔·福柯著,三联书店,0
242,人权与自然法,(法) 雅克·马里旦著,商务印书馆,0
243,影响人类历史的30场审判,余世燕编著,中国友谊出版公司,0
244,中华法系的回顾与前瞻,张晋藩主编,中国政法大学出版社,0
245,中国法思想史新编,马小红著,南京大学出版社,0
246,中西法律传统,中南财经政法大学法律史研究所编,中国政法大学出版社,0
247,中国法律史,主编朱勇,法律出版社,0
248,法治源流:东方与西方,夏勇著,社会科学文献出版社,0
249,西方法学史纲.第4版,何勤华著,商务印书馆,0
250,自然法论文集,(英) 洛克著,商务印书馆,0
251,以眼还眼:犯罪与惩罚简史:a global history of crime and punishment,(美) 米切尔·P.罗斯著,中信出版社,0
252,法律的故事:最新最全译本,(美) 约翰·麦克西·赞恩著,中国法制出版社,0
253,共和国六十年法学论争实录.诉讼法卷,江平总主编,厦门大学出版社,0
254,共和国六十年法学论争实录.宪法卷,江平总主编,厦门大学出版社,0
255,西方法律思想史.第2版,何勤华主编,复旦大学出版社,0
256,德沃金价值统合论研究,顾松柏著,武汉大学出版社,0
257,古代法,(英) 亨利·萨姆奈·梅因著,九州出版社,0
258,身体与酷刑:naissance de la prison,(法) 米歇尔·福柯著,商务印书馆,0
259,西方法律的历史,(美)约翰·梅西·赞恩著,陕西师范大学出版社,0
260,西方法学史纲.第3版,何勤华著,商务印书馆,0
261,自然法与道德哲学:从格老秀斯到苏格兰启蒙运动:from Grotius to the Scottish Enlightenment,(丹) 努德·哈孔森著,浙江大学出版社,0
262,自然法的复兴,(美) 罗斯科·庞德著,商务印书馆,0
263,作为法律价值的整体性:以德沃金整体性法律观为中心,樊安著,法律出版社,0
264,法治国作为中道:汉斯·凯尔森法哲学与公法学论集,张龑编译,中国法制出版社,0
265,自由主义法学,王振东著,法律出版社,0
266,自然法学,鄂振辉著,法律出版社,0
267,功利主义法学,杨思斌著,法律出版社,0
268,法西斯主义法学思潮,史广全著,法律出版社,0
269,新黑格尔主义法学,卓英子著,法律出版社,0
270,德国古典哲理法学,曹磊著,法律出版社,0
271,纯粹法学说:Mit einem Anhang:Das Problem der Gerechtigkeit.第2版,(奥) 汉斯·凯尔森著,法律出版社,0
272,自然法与财产权理论:从格老秀斯到休谟:Grotius to Hume,(澳) 斯蒂芬·巴克勒著,法律出版社,0
273,公法与政治理论,(英) 马丁·洛克林著,商务印书馆,0
274,批判法理与多元现代性:罗伯特·昂格尔法学思想研究初步,蒋余浩著,当代世界出版社,0
275,西方法哲学问题史研究,严存生著,中国法制出版社,0
276,中国古代法理学,王振先著,厦门大学出版社,0
277,魏玛国家学,吴彦主编,商务印书馆,0
278,中华法系之精神,何勤华 ... [等] 著,上海人民出版社,0
279,自然法与政治法原理,(瑞士) 让-雅克·布拉马克著,商务印书馆,0
280,人的尺度:西方法律传统中的社会思想,唐纳德·凯利著,当代世界出版社,0
281,洞穴公案:中华法系的思想实验:a thought experiment of the traditional Chinese legal culture,秦涛著,广西师范大学出版社,0
282,法律简史:人类制度文明的深层逻辑:evolution of human institutions,桑本谦著,三联书店,0
283,市民法理论与法西斯主义:卡尔·施米特理论的社会功能与现实影响:Zur Sozialen Funktion Und Aktuellen W...,(德) 英格博格·毛斯著,上海人民出版社,0
284,拉德布鲁赫公式,雷磊编,中国政法大学出版社,0
285,中国法理学发展史,李龙著,武汉大学出版社,0
286,法律正当性观念的转变:以近代西方两大法学派为中心的研究,刘杨著,北京大学出版社,0
287,人类正义史:从古希腊到20世纪，看人类追求公平正义的艰难历程！,(韩) 朴炯南著,文汇出版社,0
288,圆圈正义:作为自由前提的信念:= The faith as premise of freedom,罗翔著,中国法制出版社,0
289,割据的逻辑:中国法律服务市场的生态分析.第2版,刘思达著,上海三联书店,0
290,是非与曲直:个案中的法理,苏力著,北京大学出版社,0
291,你最想知道的法律常识大全集:你日常生活中的法律常识百科全书,维权帮著,中国法制出版社,0
292,法治及其本土资源,苏力著,中国政法大学出版社,0
293,法治及其本土资源.第3版,苏力著,北京大学出版社,0
294,立法法,刘莘主编,北京大学出版社,0
295,法律适用学,胡建淼主编,浙江大学出版社,0
296,何以法大,黄进著,中国政法大学出版社,0
297,中国的新型正义体系:实践与理论:practice and theory,黄宗智著,广西师范大学出版社,0
298,发展、人权与法治研究:“法治中国”的文化证立,主编汪习根,武汉大学出版社,0
299,立法技术原理,张越著,中国法制出版社,0
300,国家主义抑或人本主义:转型中国法律运行研究,张洪涛著,人民出版社,0
301,公共法哲学:转型中国的法治与正义,孙国东著,中国法制出版社,0
302,中国法学向何处去:建构“中国法律理想图景”时代的论纲,邓正来著,商务印书馆,0
303,谁之全球化？何种法哲学？:开放性全球化观与中国法律哲学建构论纲,邓正来著,商务印书馆,0
304,公法 / 私法二元区分的反思,金自宁著,北京大学出版社,0
305,法治的细节,罗翔著,云南人民出版社,0
306,法治的谜面.增订版,刘练军著,知识产权出版社,0
307,我国国家立法权的内部配置研究,周宇骏著,法律出版社,0
308,天下大案:2000-2010年中国十大名案解密,史韦编著,九州出版社,0
309,记载中国法治进程之典型案件:于欢案,胡云腾主编,人民法院出版社,0
310,法治及其本土资源.修订版,苏力著,中国政法大学出版社,0
311,不可不知的1388个法律常识.第7版,徐宪江主编,中国法制出版社,0
312,法治及其本土资源.第4版,苏力著,北京大学出版社,0
313,中国共产党百年法治大事记:1921年7月-2021年7月,中央全面依法治国委员会办公室,人民出版社,0
314,法律解释的中国范式:造法性司法解释研究:a study on law-making judicial interpretation,洪浩著,北京大学出版社,0
315,新编中华人民共和国法律法规全书.2023.2023.第16版,法律出版社法规中心编,法律出版社,0
316,大学生应知应会法律常识,《大学生应知应会法律常识》编写组编,中国法制出版社,0
317,受益一生的法律常识,维权帮著,中国法制出版社,0
318,法家的现代性,喻中著,法律出版社,0
319,规范、秩序与公法,赵娟著,中国社会科学出版社,0
320,法律责任设计原理,张越著,中国法制出版社,0
321,迈向法治:从法律体系到法治体系.第2版,王利明著,中国人民大学出版社,0
322,网络与人工智能法学,主编王建文,法律出版社,0
323,信赖保护原则的中国化建构,胡若溟著,中国社会科学出版社,0
324,法律原则研究,胡建淼主编,中国社会科学出版社,0
325,刑民关联案件的法理展开,蔡福华著,法律出版社,0
326,体系解释方法运用研究,杨铜铜著,中国社会科学出版社,0
327,中国乡村治理法治化的实践路径研究,陈寒非著,中国政法大学出版社,0
328,新时代法治乡村建设的制度探索与理性构建研究,彭澎著,中南大学出版社,0
329,价值重建与规范选择:中国法制现代化沉思,谢晖著,法律出版社,0
330,法律的悖论,罗翔著,云南人民出版社,0
331,大学生以案释法读本,全国“八五”普法学习读本编写组编,法律出版社,0
332,法治的社会维度与现代性视界,马长山著,中国社会科学出版社,0
333,经由法律的正义,刘品新著,清华大学出版社,0
334,中国的法治之路,卓泽渊著,外文出版社有限责任公司,0
335,我国改革开放40年立法成就概述,全国人大常委会法制工作委员会研究室编,法律出版社,0
336,法治思维,陈保中主编,上海人民出版社,0
337,法治思维与风险行政防控,周良金著,合肥工业大学出版社,0
338,中国司法先例与案例指导研究制度研究,张骐等著,北京大学出版社,0
339,最高人民法院 最高人民检察院指导性案例.4版,人民法院出版社,人民法院出版社,0
340,中国案例指导制度的构建和应用,苏泽林主编,法律出版社,0
341,民间法的视野,谢晖著,法律出版社,0
342,大、小传统的沟通理性:民间法初论.增订版,谢晖著,法律出版社,0
343,案例指导与法律方法,王彬著,人民出版社,0
344,指导性案例如何参照:历史经验与现实应用:historical experience and practical application,孙光宁等著,知识产权出版社,0
345,中国的立法体制研究,陈俊等著,经济科学出版社,0
346,部门法理论源流及其对我国法治实践的影响,张钢著,上海交通大学出版社,0
347,新中国法治建设70年,蒋传光著,中国法制出版社,0
348,立法的法理研究,汪全胜著,光明日报出版社,0
349,依法治国理论和实现途径,张振芝著,社会科学文献出版社,0
350,历史法学视野中的转型中国社会治理,张学博著,中国政法大学出版社,0
351,当代中国的社会规范和社会秩序:身边的法,高其才主编,法律出版社,0
352,法制现代化的挑战,公丕祥,武汉大学出版社,0
353,当代中国法治的分析与建构.第2版,泮伟江著,中国法制出版社,0
354,"社会资本重建与法治秩序生成:对""法治中国""进路的一种分析范式",郭海霞著,法律出版社,0
355,中国法理学的探索,朱景文著,法律出版社,0
356,新时代人权司法保障研究,蒋银华著,社会科学文献出版社,0
357,法典化的理论与实践:中国与波兰的比较:the Chinese and Polish perspectives,陈甦，(波兰)弗朗西斯科·龙骧·柏瑞尔(Franciszek Longchamps de Berie)，(波兰)彼得·格尔则布克(Piot...,社会科学文献出版社,0
358,学校法律问题案例全解,何周主编,法律出版社,0
359,法治社会建设实施纲要:2020-2025年,,中国法制出版社,0
360,中国案例指导制度:理论·实践: 判例研读沙龙.Ⅱ,黄卉... [等] 编,上海三联书店,0
361,2020法治观察.第一辑,周秉键主编,中国民主法制出版社,0
362,中国法学向何处去:建构“中国法律理想图景”时代的论纲.第2版,邓正来著,商务印书馆,0
363,中国大数据法治发展报告,李爱君主编,法律出版社,0
364,新时代农村基层治理法治化研究,洪碧华著,中国原子能出版社,0
365,苏联法学理论对新中国法学的影响,胡志民著,人民出版社,0
366,生活中的法:当代中国习惯法素描,高其才著,清华大学出版社,0
367,法律与说理,梁治平著,商务印书馆,0
368,迈向法治主义,陆幸福著,法律出版社,0
369,行政法学视野下的公法权利理论问题研究,徐以祥著,中国人民大学出版社,0
370,新时代的全面依法治国,当代中国研究所编著,当代中国出版社,0
371,大国立法的逻辑,封丽霞著,商务印书馆,0
372,马克思主义法哲学在中国,文正邦主编,法律出版社,0
373,法治政府建设:全面依法治国的重点任务和主体工程,胡建淼主编,人民出版社,0
374,权力的法治规约:政治文明法治化研究,汪习根主编,武汉大学出版社,0
375,大变局下的中国法治,季卫东著,北京大学出版社,0
376,区域法治发展的理论分析,公丕祥著,法律出版社,0
377,中国法治现代化道路的探索,郝铁川著,上海人民出版社,0
378,法制现代化的理论基础,主编舒国滢,知识产权出版社,0
379,立法法释义学专题研究,王建学著,中国社会科学出版社,0
380,法学如何话语？:一种“复调”模型,廖奕著,武汉大学出版社,0
381,为了权利与权力的平衡:法制中国建设与软法之治,罗豪才著,五洲传播出版社,0
382,法治政府的理念、制度与决策,郑成良 ... [等] 著,上海人民出版社,0
383,剧变,(美) 贾雷德·戴蒙德著,中信出版集团,0
384,西方经济思想史,张世贤主编,经济管理出版社,0
385,经济学原理,(英) 马歇尔著,北京联合出版公司,0
386,民族国家与经济政策:修订译本,(德) 马克斯·韦伯著,生活·读书·新知三联书店,0
387,Excel 2016会计与财务管理从入门到精通,赛贝尔资讯编著,清华大学出版社,0
388,智能决策,张玉明 ... [等] 主编,经济科学出版社,0
389,会计准则理论研究,罗勇，张静波，李建华著,立信会计出版社,0
390,新旧会计准则差异比较,贺志东编著,机械工业出版社,0
391,会计制度设计.第6版,主编李凤鸣,复旦大学出版社,0
392,制度环境、会计准则国际趋同后果与资本市场监管体系创新,吴革等著,对外经济贸易大学出版社,0
393,初级会计实务,叶子 [等] 编著,经济科学出版社,0
394,中级会计实务,全国会计专业技术资格考试辅导研究院编写组编,立信会计出版社,0
395,中国注册会计师执业准则,中华人民共和国财政部制定,立信会计出版社,0
396,我国注册会计师行业监管的理论、体制与效率研究,李长爱著,武汉大学出版社,0
397,国际财务报告准则导读,李玉环编著,经济科学出版社,0
398,成本会计,主编李玉周,机械工业出版社,0
399,管理会计,刘志远 ... [等] 编著,北京大学出版社,0
400,现代财务会计理论,梁莱歆等编著,清华大学出版社,0
401,财务会计.第7版,盖地主编,经济科学出版社,0
402,财务会计学,主编袁晓文,上海财经大学出版社,0
403,成本会计学案例分析,陈云主编,立信会计出版社,0
404,管理会计词典:英汉对照:English-Chinese,美国管理会计师协会（IMA）编,经济科学出版社,0
405,国际会计学.第2版,王善平 ... [等] 编著,东北财经大学出版社,0
406,高级财务会计学习指导与训练,田翠香编著,清华大学出版社,0
407,国际会计,杨柳主编,上海财经大学出版社,0
408,管理会计,熊晴海主编,电子工业出版社,0
409,管理会计,潘飞主编,清华大学出版社,0
410,财务会计理论研究,葛家澍著,厦门大学出版社,0
411,《中级财务会计》习题与案例.第2版,主编高绍福,经济科学出版社,0
412,漫话管理会计是什么,邹志英著,机械工业出版社,0
413,中级财务会计学,主编朱国泓,中国人民大学出版社,0
414,投资项目评价.第6版,成其谦编著,中国人民大学出版社,0
415,项目投资决策分析:方法与技术:methods and techniques,夏恩君编著,经济科学出版社,0
416,现代投资项目管理手册,周惠珍主编,中国电力出版社,0
417,建设工程项目经理风险管理指南,王志毅主编,中国建材工业出版社,0
418,工程项目风险管理,胡杰武编著,清华大学出版社,0
419,工程风险管理,任旭主编,清华大学出版社,0
420,现代项目管理理论与方法,宋淑启 ... [等] 编著,国防工业出版社,0
421,内控制度手册,高俊合主编,中国建筑工业出版社,0
422,项目监督手册,高俊合主编,中国建筑工业出版社,0
423,政府投资项目集中管理模式创新研究,本书编写组主编,天津大学出版社,0
424,长三角制造业高质量发展:从低端同构到协同集聚有序升级的路径研究,王志华著,中国社会出版社,0
425,理解中国制造,黄群慧著,中国社会科学出版社,0
426,海尔管理学:理论与解释,姜奇平著,中国财富出版社,0
427,海尔转型:人人都是CEO,曹仰锋著,中信出版社,0
428,方法论:小米制胜之道,周高华编著,地震出版社,0
429,海尔管理学:原则与框架,姜奇平著,中国财富出版社,0
430,海尔转型:人人都是CEO.第2版,曹仰锋著,中信出版社,0
431,谁拥有未来:小米互联网思维PK传统行业思维,栾玲编著,人民邮电出版社,0
432,小米逻辑,吴正炜著,北京理工大学出版社,0
433,小米:王者归来:return of the king,袁国宝著,当代中国出版社,0
434,小米哲学:雷军的商业生态运营逻辑,杨宗勇著,中国友谊出版公司,0
435,互联网+:小米的局,王伟著,中国商业出版社,0
436,雷军的营销道:看透小米超速成长的营销智慧,李伟著,人民邮电出版社,0
437,中国半导体产业发展蓝皮书,中国电子信息产业发展研究院编著,电子工业出版社,0
438,生生不息:一个中国企业的进化与转型,范海涛著,中信出版集团股份有限公司,0
439,中国能源利用效率统计测度研究,邹艳芬著,社会科学文献出版社,0
440,中国能源发展战略问题研究,曹新著,中国社会科学出版社,0
441,溢出:中国制造未来史,施展著,中信出版社,0
442,电力大数据:能源互联网时代的电力企业转型与价值创造:big data will open a new era of smart grid,赖征田 ... [等] 编著,机械工业出版社,0
443,智能制造之路:数字化工厂,陈明等编著,机械工业出版社,0
444,绿色制造:中国制造业未来崛起之路:a promising future for the manufacturing industry of China,赵建军著,经济科学出版社,0
445,金融支持绿色低碳转型的激励约束研究,王信等著,中国金融出版社,0
446,中国能源发展报告,林伯强主编,中国计量出版社,0
447,小米创业思考,雷军口述,中信出版集团股份有限公司,0
448,中国能源可持续发展战略专题研究,中国科学院能源战略研究组编,科学出版社,0
449,能源体制革命:中国能源政策发展概论,胡光宇著,清华大学出版社,0
450,BIM应用发展报告,中国建筑学会主编,中国建筑工业出版社,0
451,中国建筑业高质量发展研究:现状、问题与未来,卢彬彬 ... [等] 著,中国建筑工业出版社,0
452,建筑的工业化思维:装配式建筑职业经理人的入门课,张博为著,机械工业出版社,0
453,基于专利视角的战略性新兴产业协同创新网络研究:以高端装备制造产业与新能源产业为例,刘微微 ... [等] 著,经济科学出版社,0
454,电力现货市场导论:信息驱动增长的交易策略与盈利模式,叶青 ... [等] 著,机械工业出版社,0
455,中国企业战略变革理论与实践:PC业上市公司实证研究,黄旭著,西南财经大学出版社,0
456,中国集成电路产业发展论述文集,朱贻玮编著,新时代出版社,0
457,“芯”路历程:“909”超大规模集成电路工程纪实,胡启立著,电子工业出版社,0
458,电力体制改革解读,国家发展改革委体改司编,人民出版社,0
459,玄武岩纤维材料,刘嘉麒著,化学工业出版社,0
460,“全产业链脉动”:制造业服务化,赵林度 ... [等] 著,科学出版社,0
461,海上丝绸之路:陶瓷之路:景德镇陶瓷与“一带一路”战略国际学术研讨会会议论文集,郭杰忠主编,中国社会科学出版社,0
462,建设质量强国,李刚主编,中国青年出版社,0
463,中国制造业海外并购整合与产业技术创新研究,陈菲琼等著,科学出版社,0
464,中国省域制造业碳生产率时空趋同机制及减排策略研究,徐如浓著,华东理工大学出版社,0
465,中国电力市场化改革报告,南方电网能源发展研究院有限责任公司编著,中国电力出版社,0
466,中国电力市场名词解释,国家电力监管委员会编,中国电力出版社,0
467,东方的复兴:电力市场交易通论,叶青著,中央编译出版社,0
468,一往无前,范海涛著,中信出版社,0
469,兵工地图,《兵工地图》编委会编,人民出版社,0
470,“中国制造”转型升级研究:以美国再工业化战略为背景,张恒梅著,中国社会科学出版社,0
471,建材非金属矿产资源可持续发展战略研究,“建材非金属”课题组,化学工业出版社,0
472,勘察设计行业发展趋势与转型实践,刘军著,中国建筑工业出版社,0
473,中国建筑业产业结构变迁与生产率增长关系研究,范建双著,经济科学出版社,0
474,建筑业发展、改革与突围,李福和著,中国建筑工业出版社,0
475,中国建筑业经济波动:运行机理与实证分析,杨有志著,中国财政经济出版社,0
476,数字经济:影响未来的新技术、新模式、新产业,汤潇著,人民邮电出版社,0
477,数字经济统计测度研究:理论与应用:theory and practice,朱发仓著,经济科学出版社,0
478,数字经济:新基建浪潮下的经济增长新引擎,袁国宝著,中国经济出版社,0
479,数字经济发展报告.2019-2020.2020版,尹丽波主编,电子工业出版社,0
480,中国数字经济及其空间关联,董晓松等著,社会科学文献出版社·经济与管理分社,0
481,数字化转型中的中国,信息社会50人论坛编,电子工业出版社,0
482,日本铁道解剖书,(日) 岩间昌子著,南海出版公司,0
483,高速公路通行费征收管理,主编李大鹏,东南大学出版社,0
484,广东高速公路企业发展与改革问题研究,姜理著,中国财政经济出版社,0
485,高速公路运营管理,现代交通远程教育教材编委会编,清华大学出版社,0
486,高速公路经营管理,周国光主编,人民交通出版社,0
487,世界遗产与旅游,李燕琴编著,北京大学出版社,0
488,新兴旅游产业问题研究,王云龙著,南开大学出版社,0
489,中国乡村旅游发展研究,朱姝著,中国经济出版社,0
490,乡村旅游合作社发展与建设研究,银元编著,国家行政学院出版社,0
491,民国旅业回眸:中国旅行社研究,易伟新著,岳麓书社,0
492,中国旅游通史,章必功著,商务印书馆,0
493,旅游与遗产保护:基于案例的理论研究,张朝枝著,南开大学出版社,0
494,历史文化资源开发研究,赵东著,社会科学文献出版社,0
495,国家考古遗址公园文化旅游研究,席岳婷著,科学出版社,0
496,健康旅游产业数字化研究,杨路明 ... [等] 著,科学出版社,0
497,青春追寻红色路 不忘初心跟党走:第十一届全国大学生红色旅游创意策划大赛优秀作品集,计金标主编,旅游教育出版社,0
498,传承红色基因 祝福祖国母亲:第九届全国大学生红色旅游创意策划大赛优秀作品集,张严主编,旅游教育出版社,0
499,丁真的世界,时差岛著,机械工业出版社,0
500,区域旅游创新研究,周成著,光明日报出版社,0
501,城市资源视角下城市休闲产业发展模式研究,粟郁著,电子工业出版社,0
502,旅游规划与设计:健康旅游与养老旅游:wellness tourism and senior lifestyle travel,北京大学城市与环境学院旅游研究与规划中心主编,中国建筑工业出版社,0
503,乡村旅游发展的中国模式,石培华编著,中国旅游出版社,0
504,乡村文化旅游业态创新研究:基于供给侧改革的视角:based on the perspective of supply-side reform,吉根宝著,中国轻工业出版社,0
505,旅游规划与设计:旅游规划·景观建筑·景区管理,北京大学旅游研究与规划中心主编,中国建筑工业出版社,0
506,中国红色旅游发展报告.2022.2022.2022版,主编王金伟,社会科学文献出版社,0
507,旅游规划与设计.旅游演艺·影视旅游.Tourism performances & film-induced tourism,北京大学旅游研究与规划中心主编,中国建筑工业出版社,0
508,寻找如画美:英国的风景美学与旅游:1760-1800,(英) 马尔科姆·安德鲁斯著,译林出版社,0
509,貿易摩擦をみる眼,本山美彦編,有斐閣,0
510,走私如何威胁政府:路易·马德林的全球性地下组织:Louis Mandrin and the making of a global underground,(美) 迈克尔·卡瓦斯著,浙江大学出版社,0
511,忠于你的事业:沃尔玛传奇,(美) 罗伯特·斯莱特著,中信出版集团股份有限公司,0
512,孵化皮克斯:从艺术乌托邦到创意帝国的非凡之旅:my unlikely journey with Steve Jobs to make entertain...,(美) 劳伦斯·利维著,浙江大学出版社,0
513,跨境电商亚马逊是如何运营的:从零做到年销千万实操手册,宁芳儒著,人民邮电出版社,0
514,美国贸易政策制定:机构与人物,钟青主编,中国社会科学出版社,0
515,价格革命:一部全新的世界史:price revolutions and the rhythm of history,(美) 大卫·哈克特·费舍尔著,广西师范大学出版社,0
516,当铁比黄金贵:60个故事背后的世界贸易:06 histoires pour comprendre l'economie mondiale,(意) 亚历山德罗·吉劳多著,上海文化出版社,0
517,香料之路:一部关于欲望、探险和帝国的历史:a history,(英) 约翰·凯伊著,九州出版社,0
518,东印度公司与亚洲之海,(日) 羽田正著,北京日报出版社,0
519,东印度公司:巨额商业资本之兴衰,(日) 浅田实著,社会科学文献出版社,0
520,贸易的冲突:美国贸易政策200年:a history of US trade policy,(美) 道格拉斯·欧文著,中信出版集团股份有限公司,0
521,美国国际税制改革与资本回流原理,李超民著,商务印书馆,0
522,美联储货币政策史,(美) 罗伯特·L. 黑泽尔著,社会科学文献出版社,0
523,黄金简史,彼得·L. 伯恩斯坦著,上海财经大学出版社,0
524,货币战争:真相与未来,中央电视台《经济半小时》,华夏出版社,0
525,美元陷阱,(美) 埃斯瓦尔·S. 普拉萨德著,中国科学技术出版社,0
526,中国货币政策:目标与转型:objectives and transformation,范从来著,南京大学出版社,0
527,货币的教训:汇率与货币系列评论:= Essays of exchange rate and money,周其仁著,北京大学出版社,0
528,货币战略论:从价格理论看中国经验,张五常著,中信出版社,0
529,利率体系:决定因素和动态关系,中国人民大学中债研究所课题组著,经济科学出版社,0
530,中国利率传导机制研究,崔秀丽著,经济管理出版社,0
531,深化改革中的货币政策、风险管理与金融发展,上海市金融学会编,学林出版社,0
532,美元病:悬崖边缘的美元本位制,叶冰著,中信出版集团,0
533,美国货币政策调整及其影响研究,刘卫平著,清华大学出版社,0
534,长银新生:泡沫中的金融战争-第2版,(英) 吉莲·泰特著,上海远东出版社,0
535,动荡时代:セントラルバンカーの経験した39年,(日) 白川方明著,中信出版集团股份有限公司,0
536,西欧金融史.第2版,(美) 查尔斯·P. 金德尔伯格著,中国金融出版社,0
537,西欧金融史,(美) 查尔斯·金德尔伯格著,中国金融出版社,0
538,在风暴中心:冰岛的崩溃和惊人的复苏:an insider's account of the financial crisis,(挪) 斯凡·哈拉尔德·伊加德著,中信出版集团,0
539,法国PPP的立法与实践:“一带一路”战略下指导中国海外PPP项目:guiding China's overseas PPP projects u...,孙淘 ... [等] 著,中国政法大学出版社,0
540,伟大的博弈:华尔街金融帝国的崛起 (1653-2019年):the emergence of Wall Street as a world power(1653-...,(美) 约翰·S. 戈登著,中信出版社,0
541,金融炼金术,乔治·索罗斯著,海南出版社,0
542,清算:华尔街的日常生活:an ethnography of Wall Street,(美) 何柔宛著,华东师范大学出版社,0
543,乱世华尔街:一位华人交易员的经历,渔阳著,中国人民大学出版社,0
544,银行的秘密:现代金融生存启示录:the panic of 2007,(美) 加里·戈顿著,中信出版社,0
545,伟大的博弈:华尔街金融帝国的崛起:1653-2011:the emergence of wall street as a world power (1653-201).,(美) 约翰·S·戈登著,中信出版社,0
546,财富的帝国:一部记录美国经济发展的史诗:the epic history of American economic power.第2版,(美) 约翰·S. 戈登著,中信出版集团,0
547,说谎者的扑克牌:华尔街的投资游戏,(美) 迈克尔·刘易斯著,中信出版社,0
548,华尔街简史:现代金融业的诞生、发展和危机,(美) 威廉·D. 科汉著,浙江大学出版社,0
549,商业冒险:华尔街的12个经典故事:twelve classic tales from the world of Wall Street,(美) 约翰·布鲁克斯著,北京联合出版公司,0
550,赌金者:长期资本管理公司 (LTCM) 的升腾与陨落,(美) 罗格·洛温斯坦著,上海远东出版社,0
551,股票作手回忆录,(美) 埃德文·拉斐尔著,上海财经大学出版社,0
552,金融炼金术.修订版,乔治·索罗斯著,海南出版社,0
553,对冲基金:一个分析的视角:an analytic perspective,(美) 罗闻全著,东北财经大学出版社,0
554,金融工程案例,主编吉可为，毛晓峰,中国金融出版社,0
555,金融怪杰:华尔街的顶级交易员:interviews with top traders:典藏版,(美) 杰克 D.施瓦格著,机械工业出版社,0
556,大空头,(美) 迈克尔·刘易斯著,中信出版社,0
557,巴菲特写给子女的10个投资忠告,林汶奎编著,百花洲文艺出版社,0
558,大而不倒:经典版,(美) 安德鲁·罗斯·索尔金著,四川人民出版社,0
559,金融帝国贝莱德:eine heimliche Weltmacht greift nach unserem Geld,(德) 海克·布赫特著,中国人民大学出版社,0
560,美联储的诞生,(美) 罗杰·洛温斯坦著,浙江大学出版社,0
561,巴菲特的午餐会,正子编绘,中国人民大学出版社,0
562,巴菲特投资策略,唐汶主编,中央编译出版社,0
563,声誉至死:重构华尔街的金融信用体系:how integrity has been destroyed on Wall Street,(美) 乔纳森·梅西著,中国人民大学出版社,0
564,银行的秘密:揭开美联储的神秘面纱,(美) 默里·罗斯巴德著,清华大学出版社,0
565,国内政治与美国的外资政策,吴其胜著,上海人民出版社,0
566,财富雪球:10年10倍的价值投资要义,金鑫著,机械工业出版社,0
567,行动的勇气:金融风暴及其余波回忆录:a memoir of crisis and its aftermath,(美) 本·伯南克著,中信出版社,0
568,手持柴火的灭火人:美联储:= The Federal Reserve System,(美) 理查德·罗伯茨著,东方出版社,0
569,金融霸权:从巅峰走向破产,(美) 威廉·恩道尔著,中国民主法制出版社,0
570,美国金融危机调查报告,美国金融危机调查委员会著,中信出版社,0
571,科技档案管理学,华林著,中国社会科学出版社,0
572,电子文件管理教程,冯惠玲主编,中国人民大学出版社,0
573,西夏文书种类功用及体式研究,赵彦龙著,上海古籍出版社,0
574,明代文书档案制度研究,秦国经著,故宫出版社,0
575,科学社会学:理论与经验研究,(美) R. K. 默顿著,商务印书馆,0
576,局外人看科学,(英) 巴里·巴恩斯著,东方出版社,0
577,科学知识与社会学理论,(英) 巴里·巴恩斯著,东方出版社,0
578,美丽科学:科学图像审美研究,崔之进著,东南大学出版社,0
579,科技与社会,潘建红等编著,武汉大学出版社,0
580,冲突与协调:科学合理性新论,马雷著,商务印书馆,0
581,无穷的开始:世界进步的本源:explanations that transform the world.第2版,(英) 戴维·多伊奇著,人民邮电出版社,0
582,科学精神的形成,(法) 加斯东·巴什拉著,江苏教育出版社,0
583,科学社会学理论与方法,(英) 迈克尔·马尔凯著,商务印书馆,0
584,科学社会学,宋琳编著,中国科学技术出版社,0
585,什么是科学.第2版,吴国盛著,商务印书馆,0
586,英文科技论文写作与发表,张康编著,清华大学出版社,0
587,高质量SCI论文入门必备:从选题到发表,关小红主编,化学工业出版社,0
588,SCI图像语法:科技论文配图设计实用技巧,宋元元著,科学出版社,0
589,技术社会角色引论,王秀华著,中国社会科学出版社,0
590,自然的政治:如何把科学带入民主,(法) 布鲁诺·拉图尔著,河南大学出版社,0
591,蛋先生的学术生存,施爱东著,上海文艺出版社,0
592,什么是技术,胡翌霖著,湖南科学技术出版社,0
593,世界顶级科技研发机构英国卡文迪什实验室成功之道,阎康年著,广东教育出版社,0
594,人: 学术者,(法) P.波丢著,贵州人民出版社,0
595,翻译与搜索教程,张成智编著,知识产权出版社,0
596,学术搜索:从入门到精通,郭劲赤著,上海社会科学院出版社,0
597,陶行知德育思想探索,敬良斌著,电子科技大学出版社,0
598,他者伦理视野中的道德教育,吴先伍著,上海三联书店,0
599,为21世纪培育教师和学校领导者:来自世界的经验,(德) 安德烈亚斯·施莱克尔主编,北京大学出版社,0
600,高手教师,魏智渊著,华东师范大学出版社,0
601,教育人力资源管理的研究与实践:基于承诺型人力资源管理模式的探索,赵殿涛等著,首都师范大学出版社,0
602,至善西行 廿念不忘:东南大学研究生支教团二十年,主编邢纪红,东南大学出版社,0
603,澳门教育制度与受教育权保护,张雪莲著,社会科学文献出版社,0
604,台湾教育:从日据到光复,黄新宪著,上海人民出版社,0
605,学以为己:传统中国的教育,李弘祺著,华东师范大学出版社,0
606,新世纪的曙光:晚清新式教育活动研究:1840-1911,李忠著,华中科技大学出版社,0
607,清季民初的学制、学堂与经学,朱贞著,社会科学文献出版社,0
608,中国新教育的萌芽与成长:1860-1928,苏云峰著,北京大学出版社,0
609,中国近代教育史资料汇编,陈元晖主编,上海教育出版社,0
610,唐代教育与文学,郭丽著,中国社会科学出版社,0
611,南京教育史.第2版,徐传德主编,商务印书馆,0
612,宋代文学视域下的太学制度研究,牛思仁著,凤凰出版社,0
613,中国教育史,陈青之著,上海书店出版社,0
614,制造白痴:电子产品如何威胁下一代:les dangers des ecranspour nos enfants,(法) 米歇尔·德米尔热著,广东旅游出版社,0
615,学习型社会,(美) 罗伯特·赫钦斯著,社会科学文献出版社,0
616,学习的力量:投入式学习法专家的学习秘诀,(韩) 黄农文著,清华大学出版社,0
617,学习之道.第2版,(美) 乔希·维茨金著,中国青年出版社,0
618,成为学习高手:清华博士的高效学习秘籍,和渊著,人民邮电出版社,0
619,学习究竟是什么,万维钢著,新星出版社,0
620,如何学习,(美) 本尼迪克特·凯里著,浙江人民出版社,0
621,无限可能:快速唤醒你的学习脑,(美) 吉姆·奎克著,人民邮电出版社,0
622,学习高手,李柘远著,北京联合出版公司,0
623,超级学习者,(加) 斯科特·H.扬著,机械工业出版社,0
624,学习的方法:一位诺贝尔奖获得者的人生忠告,(西)圣地亚哥·拉蒙-卡哈尔著,天地出版社,0
625,学习精进:如何成为一个会学习的人,黄河清著,北京大学出版社,0
626,有效学习,(美) 乌尔里希·伯泽尔著,中信出版集团股份有限公司,0
627,关键20小时，快速学会任何技能！,(美) 乔希·考夫曼著,机械工业出版社,0
628,学习没那么难:北大10博士给优秀学子的人生、求学计划书,彭翔编著,朝华出版社,0
629,自学大全,(日) 读书猴著,文汇出版社,0
630,高效学习，从来都不靠熬,time刚刚好著,陕西科学技术出版社,0
631,学会学习:strengthening study skills and brain power,(美) Gloria Frender著,电子工业出版社,0
632,学习的本质,(法) 安德烈·焦尔当著,华东师范大学出版社,0
633,深度学习:超越21世纪技能:beyond 21st century skills,(美) 詹姆斯·A·贝伦卡主编,华东师范大学出版社,0
634,移动学习的影响因素与优化研究,赵慧臣等著,科学出版社,0
635,深度学习:彻底解决你的知识焦虑,(日) 今井睦美著,北京联合出版公司,0
636,黑匣子思维:我们如何更理性地犯错:the surprising truth about success,(英) 马修·萨伊德著,江西人民出版社,0
637,购书单:小说和小说家,秦巴子著,广西师范大学出版社,0
638,阅读是最好的独处,黄桂元著,北京时代华文书局,0
639,如何有效阅读一本书:超实用笔记读书法,(日) 奥野宣之著,江西人民出版社,0
640,阅读力提升:理论与实践,刘舸 ... [等] 著,中国社会科学出版社,0
641,阅读的力量,(日) 斋藤孝著,鹭江出版社,0
642,如何高效阅读一本书,廖一航编,辽宁人民出版社,0
643,读书写作:能力提升训练,柏淘主编,太白文艺出版社,0
644,读写一致:阅读与写作的步骤和技巧:an integrated approach to reading and writing,(美)凯瑟琳·T. 麦克沃特(Kathleen T. McWhorter)著,西苑出版社,0
645,如何高效阅读一本书,彭清清著,中国纺织出版社有限公司,0
646,读书是一辈子的事,樊登著,北京联合出版公司,0
647,阅读的方法,罗振宇著,新星出版社,0
648,笔记,沈胜衣,上海辞书出版社,0
649,如何再次拿起书,(美) 艾伦·雅各布斯著,中信出版集团股份有限公司,0
650,谈读书,朱光潜著,万卷出版公司,0
651,吴军阅读与写作讲义,吴军著,新星出版社,0
652,进一寸就有欢喜:胡适谈读书,胡适著,中国文史出版社,0
653,秋叶: 如何高效读懂一本书,秋叶著,北京联合出版公司,0
654,视觉笔记:如何高效阅读一本书,詹茜著,北京联合出版公司,0
655,如何阅读一本书,石涛编,新世界出版社,0
656,读书与写作,李公朴编,知识产权出版社,0
657,如何阅读一本书,轻阅读编写组编著,民主与建设出版社,0
658,可以提高记忆力和思考力的读书法,(日) 木山泰嗣著,中国青年出版社,0
659,海绵阅读法:如何吸收一本书的精华,李小墨著,人民邮电出版社,0
660,快时代的慢阅读,(美国) 大卫·米基克斯著,译林出版社,0
661,实用性阅读指南:把读到的知识转化成能力,(日) 大岩俊之著,江西人民出版社,0
662,阅读轧记,朱同芳主编,南京出版社,0
663,怎样读书,胡适等著,生活·读书·新知三联书店,0
664,阅读的历史,(新西兰) 史蒂文·罗杰·费希尔著,商务印书馆,0
665,阅读史,(加) 阿尔维托·曼古埃尔著,商务印书馆,0
666,王者速读法,(日) 齐藤英治著,浙江教育出版社,0
667,学术论文的创造性阅读,汤建民著,浙江大学出版社,0
668,阅读的乐趣,(美) 艾伦·雅各布著,译林出版社,0
669,麦肯锡精英高效阅读法,(日) 赤羽雄二著,民主与建设出版社有限责任公司,0
670,深度阅读:分科阅读的思维与技能:college major and career applications,(美)凯瑟琳·T. 麦克沃特著,西苑出版社,0
671,学会阅读:基础方法与批判性思维,(美) 凯瑟琳·T. 麦克沃特著,西苑出版社,0
672,高效阅读:灵活、策略与技巧,(美) 凯瑟琳·T. 麦克沃特著,西苑出版社,0
673,因为至性，所以动人:梁漱溟谈读书,梁漱溟著,中国文史出版社,0
674,好书不厌百回读:朱光潜谈读书,朱光潜著,中国文史出版社,0
675,國語動介詞.Coverbs in spoken Chinese.台初版,張強仁著,正中,0
676,词汇与句法计量研究,黄伟等著,浙江大学出版社,0
677,否定标记的句法位置及相关问题考察,马宏程著,中国社会科学出版社,0
678,礼貌语用研究:理论与实践的多侧面剖析,(英) 海伦·斯宾塞·奥蒂等著,吉林大学出版社,0
679,金字塔原理:思考、表达和解决问题的逻辑.第3版,(美) 芭芭拉·明托著,南海出版公司,0
680,金字塔原理:实战篇:全面提升思考、表达和解决问题的能力.第3版,(美) 芭芭拉·明托著,南海出版公司,0
681,如何写出一篇好文章:不动笔就能学会写文章的训练法,(日) 山口拓朗著,中国青年出版社,0
682,金字塔原理:思考、表达和解决问题的逻辑,(美)芭芭拉·明托著,南海出版公司,0
683,学术写作指南:a handbook for international students,(英) 斯蒂芬·贝利著,中国人民大学出版社,0
684,金字塔原理:思考、写作和解决问题的逻辑-第2版,(美) 巴巴拉·明托著,民主与建设出版社,0
685,文思泉涌:如何克服学术写作拖延症:a practical guide to productive academic writing,保罗·J. 席尔瓦著,上海教育出版社,0
686,文学论文写作指南,火源编著,北京邮电大学出版社,0
687,论证是一门学问:如何让你的观点有说服力,(英) 安东尼·韦斯顿著,新华出版社,0
688,金字塔原理2:实用训练手册,(美) 芭芭拉·明托著,南海出版公司,0
689,学术写作原来是这样:语言、逻辑和结构的全面提升,易莉著,机械工业出版社,0
690,如何做好文献综述,阿琳·芬克著,重庆大学出版社,0
691,写作全技术,(日) 斋藤孝著,江西人民出版社,0
692,论文写作、科技交流与审稿:成为杰出科学家的必由之路,戴维·M. 舒尔茨著,气象出版社,0
693,机器翻译,李沐 ... [等],高等教育出版社,0
694,机器翻译,(法) 蒂埃里·波贝著,机械工业出版社,0
695,机器翻译质量深度评析与人机协同翻译,秦颖著,外语教学与研究出版社,0
696,双语语料库的研制与应用,秦洪武著,外语教学与研究出版社,0
697,如东大众哲语选录,潘金环编著,古吴轩出版社,0
698,2017汉语新词语,邹煜主编,商务印书馆,0
699,立德格言,国子著,时事出版社,0
700,中华经典名句解读,杨波编著,兰州大学出版社,0
701,最新庆典贺词,肖淑琛著,中国文史出版社,0
702,格言联璧全鉴,(清) 金兰生著,中国纺织出版社有限公司,0
703,古代名言1000句,主编袁野,中国财富出版社,0
704,成语诗谜,柳忠基著,甘肃文化出版社,0
705,诸子锦言录,钟基编著,中华书局,0
706,现代汉语词汇学,符淮青主编,北京大学出版社,0
707,现代汉语文化词研究,赵明著,中国社会科学出版社,0
708,现代汉语词汇讲义,钱玉莲著,北京大学出版社,0
709,汉语词义在线理解的词汇语用学研究,叶慧君著,外语教学与研究出版社,0
710,中国文化词语教学要略,李仕春等编著,科学出版社,0
711,现代汉语词汇答问,李英著,北京大学出版社,0
712,中华成语典故全鉴,杨敬敬解译,中国纺织出版社有限公司,0
713,风吹哪页读哪页,飞扬文室编著,江苏凤凰文艺出版社,0
714,现代汉语语义韵的理论探索与习得研究:语料库语言学视角,李芳兰著,中央编译出版社,0
715,成语误用辨析200例续编,赵丕杰著,商务印书馆,0
716,成语误用辨析手册,赵丕杰著,商务印书馆,0
717,格言联璧,(清) 金缨编,中州古籍出版社,0
718,汉语成语大词典,主编王兴国,华语教学出版社,0
719,古代汉语语法讲稿,郭锡良著,语文出版社,0
720,古书疑义举例 国故论衡 饮冰室合集,李敖主编,天津古籍出版社,0
721,上古漢語語法史,姚振武著,上海古籍出版社,0
722,清代琉球官话课本新探:对于“得”“替”“给”多功能性的考察,王琳著,南开大学出版社,0
723,语体文法大纲,许地山著,岳麓书社,0
724,汉英句法学比较探索,罗志野主编,哈尔滨工程大学出版社,0
725,篇章视角下汉英完整体体貌构成分析,张立昌著,山东大学出版社,0
726,中国现代语法,王力著,中华书局,0
727,现代汉语附加问句的浮现与发展,闫亚平著,上海教育出版社,0
728,现代汉语反诘语气副词研究,楚艳芳著,中国社会科学出版社,0
729,汉语复句句法语义关系判定研究,吴锋文著,科学出版社,0
730,疑问系统的认知模型与运算,陈振宇著,学林出版社,0
731,问与答:形式和功能的不对称:asymmetry of forms and functions,谢心阳著,社会科学文献出版社,0
732,文案写作与活动策划:理念、技巧、方法与实践,李改霞等编著,清华大学出版社,0
733,大学生学术论文写作入门,林幼菁编著,商务印书馆,0
734,学术论文写作,主编刘桂华,经济管理出版社,0
735,怎样写好心得体会:规程·方法·案例,张福俭主编,中国言实出版社,0
736,申论真题精解及全真模拟试卷:2011-2012升级版,李进主编,中国铁道出版社,0
737,国家公务员录用考试应试辅导及考点预测:2011.申论,国家公务员录用考试辅导丛书编委会编,立信会计出版社,0
738,申论题型分析与写作,主编李如海,中国人民大学出版社,0
739,汉语写作与百科知识,主编刘军平,武汉大学出版社,0
740,期刊论文投稿解惑与写作建议,赵联飞著,重庆大学出版社,0
741,写好论文,郭泽德著,清华大学出版社,0
742,期刊编辑教你写学术论文,主编蒋霞,上海交通大学出版社,0
743,学术论文写作与发表指引,王雨磊著,中国人民大学出版社,0
744,现行行政公文写作,彭海河编著,华中科技大学出版社,0
745,法学论文写作,张力著,高等教育出版社,0
746,艺术文章写作概论,陈池瑜著,山东教育出版社,0
747,怎样起草文稿,李雪勤著,浙江人民出版社,0
748,讲理.第2版,王鼎钧,生活·读书·新知三联书店,0
749,写作是门手艺,刘军强著,广西师范大学出版社,0
750,学术论文写作十讲,徐有富著,北京大学出版社,0
751,公务文书写作指南,陈洪山著,电子工业出版社,0
752,九龙湖校区图书馆存包柜,流通阅览部,流通阅览部,0
753,怎样顺利完成论文:论文写作的策略与技巧,(英) 罗伊娜·默里著,新华出版社,0
754,科技论文规范写作与编辑.第4版,梁福军编著,清华大学出版社,0
755,科技论文规范写作与编辑.第3版,梁福军编著,清华大学出版社,0
756,心理学写作简明指南:基于APA格式规范,(美) 达纳·S·邓恩著,北京联合出版公司,0
757,实证论文写作八讲,刘西川著,北京大学出版社,0
758,学术写作五步法:如何从零完成高质量论文,王树义著,人民邮电出版社,0
759,学术论文写作与发表指引.第2版,王雨磊著,文化发展出版社,0
760,写作是最好的自我投资,Spenser著,中信出版集团股分有限公司,0
761,法学论文写作,何海波,北京大学出版社,0
762,法学论文写作:方法与技巧十讲,中国政法大学法学院编,中国法制出版社,0
763,法科学生必修课:论文写作与资源检索:legal writing and research,凌斌著,北京大学出版社,0
764,应届生求职简历全攻略,应届生求职网编著,上海交通大学出版社,0
765,公文写作教程,总主编裴显生,高等教育出版社,0
766,调研写作分类精讲:新版三十一讲,陈方柱著,中国文史出版社,0
767,社会学论文写作指南.第2版,张静著,上海人民出版社,0
768,如何写学术论文,宋楚瑜著,北京大学出版社,0
769,法学论文写作与资料检索,陈瑞华等著,北京大学出版社,0
770,通识写作:怎样进行学术表达,葛剑雄主编,上海人民出版社,0
771,批判性思维与写作,田洪鋆著,北京大学出版社,0
772,创意写作课,罗晓静，张玉敏主编,华中科技大学出版社,0
773,经验与心得:法学论文指导与写作,《中外法学》编辑部编,北京大学出版社,0
774,公文写作标题结构速查宝典,石头哥编著,人民邮电出版社,0
775,公文写作金句速查宝典:诗词、佳句、场景用法,石头哥编著,人民邮电出版社,0
776,怎样写好文献综述:案例及评述:cases and comments,张黎著,科学出版社,0
777,国际高水平SCI论文写作和发表指南,吴志根著,浙江大学出版社,0
778,新文言尺牍,李子健编著,中国书店,0
779,科学研究的方法:论文写作的逻辑思维,韩乾著,四川人民出版社,0
780,法学写作课,张翔 [著],北京大学出版社,0
781,APA格式:国际社会科学学术写作规范手册,美国心理协会编,重庆大学出版社,0
782,科技报告与书稿写作,王中华编著,中国石化出版社,0
783,如何撰写和发表SCI期刊论文.第2版,(美) 金坤林著,科学出版社,0
784,学做文献综述:释放研究想象力:releasing the research imagination,(英) 克里斯·哈特著,教育科学出版社,0
785,公文写作倾谈,王永鉴著,上海文化出版社,0
786,学术期刊论文写作技巧与实战,郝丹著,人民邮电出版社,0
787,学术期刊论文写作必修课,(美) 温迪·劳拉·贝尔彻著,教育科学出版社,0
788,公文写作实用全书,郭志强编著,电子工业出版社,0
789,应用文写作.第4版,主编徐中玉,高等教育出版社,0
790,申论与应用写作,主编张建勤,外语教学与研究出版社,0
791,党政公文写作速成培训,张宝林主编,中国纺织出版社,0
792,学术灵感写作研究,田富强著,中国社会科学出版社,0
793,论文写作指南:从观点初现到研究完成,熊浩著,复旦大学出版社,0
794,公文写作大手笔:从小笔头到笔杆子,陶然学姐著,北京大学出版社,0
795,公文写作十六讲:实战技巧与范例大全,陈力勇编著,上海教育出版社,0
796,从零开始学公文写作,陶然学姐著,北京大学出版社,0
797,即查即用的公文写作红宝书,大诚著,浙江人民出版社,0
798,六级阅读与写作词汇强化训练手册,大学生英语学习研究团队编著,中国水利水电出版社,0
799,剑桥雅思7官方答案全解析,启德学府海外考试研究中心编著,中国水利水电出版社,0
800,布莱森英语简史,(美) 比尔·布莱森著,中国人民大学出版社,0
801,新题型大学英语四级教程,主编李发根,上海交通大学出版社,0
802,大学英语四级自助考.听力·写作,总主编陈大宝,上海交通大学出版社,0
803,英语专业四级真题解析,主编陈宏俊,大连理工大学出版社,0
804,CET4语法结构一周通,[共同文化工作室编],世界图书出版公司,0
805,大学英语四级考试.写作、翻译与简答分册,康建刚主编,石油工业出版社,0
806,大学英语四级美文夜读100篇,主编宋平明,中国宇航出版社,0
807,大学英语四级考试一本全,主编陈幼平,世图音像电子出版社,0
808,GRE考试官方指南,美国教育考试服务中心,群言出版社,0
809,剑桥雅思全真试题4·5·6最新解析,环球雅思教学研究中心GTRC编著,安徽科学技术出版社,0
810,大学英语四六级考试高分修成手册,智骏英语编著,中国纺织出版社,0
811,托福考试官方指南.第4版,,群言出版社,0
812,GRE考试官方指南,,群言出版社,0
813,赖世雄自然拼读法,赖世雄著,外文出版社,0
814,剑桥雅思8官方答案全解析,启德学府海外考试研究中心编著,中国水利水电出版社,0
815,图解剑桥雅思真题.9,江涛著,石油工业出版社,0
816,剑桥雅思全真试题8原版解析,凉月 ... [等] 编著,中国人民大学出版社,0
817,GRE句子填空对策与技巧,阎传海编著,世界图书出版公司北京公司,0
818,标准美语发音的13个秘诀,Ann Cook著,群言出版社,0
819,An intermediate pronunciation course:ship or sheep?.第3版,Ann Baker编著,北京语言大学出版社,0
820,剑桥国际英语语音入门:an elementary pronunciation course,Ann Baker编著,北京语言大学出版社,0
821,最原声名人名校励志演讲大全,方振宇主编,化学工业出版社,0
822,剑桥国际英语语音在用:自学或课堂用书.中级.intermediate,Marks Hancock编著,北京语言大学出版社,0
823,剑桥国际英语语音在用:自学或课堂用书.初级.elementary,Jonathan Marks编著,北京语言大学出版社,0
824,剑桥国际英语语音在用:自学或课堂用书.高级.advanced,Martin Hewings编著,北京语言大学出版社,0
825,英语辩论与逻辑,李志坤著,华中师范大学出版社,0
826,赖世雄美语音标,赖世雄著,上海文化出版社,0
827,关键30秒:英语即时演讲全攻略,朱子熹编著,中国纺织出版社,0
828,细说英语词源,李奭学著,浙江大学出版社,0
829,法语DELF考试全攻略.B1,编著张敏 ... [等],外语教学与研究出版社,0
830,法语词根漫谈:一场文字与文化的浪漫之旅.第3版,吕玉冬著,东华大学出版社,0
831,法语分类词汇,洛克,上海译文出版社,0
832,快速突破法语词汇5500.第3版,陈建伟主编,东华大学出版社,0
833,1800个最有用的法语词汇.第2版,陈建伟主编,东华大学出版社,0
834,法语词汇揭秘,张文浩编著,东华大学出版社,0
835,TCF TEF词汇词根+词缀+联想记忆法.第2版,曹慧主编,东华大学出版社,0
836,大学法语四级词汇精解与自测.第2版,文慧静主编,东华大学出版社,0
837,法语语法全解.第2版,周力著,东华大学出版社,0
838,法语语法练习800.第3版,陈建伟，卢梦雅主编,东华大学出版社,0
839,你好! 法语同步语法手册.A2,编者何敬业 ... [等],外语教学与研究出版社,0
840,法语基础语法与练习,郭玉梅编著,北京大学出版社,0
841,法语语法系统解读,张德富编著,外语教学与研究出版社,0
842,法语常用动词介词搭配词典,韩祝祥编著,北京语言大学出版社,0
843,全新法语语法,编著 (法) Y. 德拉图尔 ... [等],上海译文出版社,0
844,法语语法全解,周力著,东华大学出版社,0
845,快速突破TCF语法800题.第2版,周力编著,东华大学出版社,0
846,标准法语语法精解与练习,主编张晶,外语教学与研究出版社,0
847,校园法语,原编者肖芬,武汉大学出版社,0
848,金瓶梅,兰陵笑笑生著,人民文学出版社,0
849,循序渐进法语听说:中级:niveau intermediaire,原著 (法) Anne Akyuz ... [等],外语教学与研究出版社,0
850,法语应急口语8000句:1分钟找到你想要说的话,书友外语教研组编著,机械工业出版社,0
851,圣女贞德,原作者Lucia Bonato,上海外语教育出版社,0
852,美女与野兽,原作者Jeanne-Marie Leprince de Beaumont,上海外语教育出版社,0
853,面试法语百问妙答,曹慧编著,上海交通大学出版社,0
854,佐罗,原作者Johnston McCulley,上海外语教育出版社,0
855,图说法语幽默,文慧静主编,东华大学出版社,0
856,生活中最常说的法语900句,余春红编著,中国宇航出版社,0
857,我的第一本德语单词本,(英) 希瑟·埃默里编著,同济大学出版社,0
858,德语图解字典,希伯伦股份有限公司,外文出版社,0
859,我的第一本德语图典,(英) 海伦·戴维斯编著,同济大学出版社,0
860,白马骑士,Theodor Storm [著],上海外语教育出版社,0
861,德语趣味阅读,徐亮编著,世界图书出版公司,0
862,围城,钱钟书著,外语教学与研究出版社,0
863,迈向德国第一步:德国入籍测试,主编徐琼星，刘为,武汉大学出版社,0
864,俄罗斯语言学通史,致友昌主编,上海外语教育出版社,0
865,俄语词汇学与构词学,张锐主编,黑龙江大学出版社,0
866,现代俄语词汇的多义性研究,吴哲著,商务印书馆,0
867,俄语隐性语法范畴研究,白庆华著,江苏人民出版社,0
868,现代俄语复合句学,李勤等著,上海外语教育出版社,0
869,俄语姓名译名手册.第2版,新华通讯社译名室编,商务印书馆,0
870,新俄汉词典.增订版,辽宁大学外语系《新俄汉词典》增订版编写组编,辽宁人民出版社,0
871,汉俄大词典,上海外国语大学俄语系《汉俄大词典》编写组编,上海外语教育出版社,0
872,俄语常用词词典,主编潘国民,黑龙江大学出版社,0
873,大俄汉词典,黑龙江大学俄语语言文学研究中心辞书研究所编,商务印书馆,0
874,汉俄翻译词典,张宝梁主编,商务印书馆,0
875,俄语新手一学就会:白金畅销版,陈新编著,中国宇航出版社,0
876,零起点1秒说俄语,张道静编著,中国宇航出版社,0
877,新日本语能力考试专项训练.N2读解,本册主编余祖发,上海交通大学出版社,0
878,新日本语能力考试专项训练.N1读解,本册主编金玺罡,上海交通大学出版社,0
879,最新日本语能力考试模拟试题:4级,王永东主编,东华大学出版社,0
880,最新日本语能力考试模拟试题:3级,王永东主编,东华大学出版社,0
881,写给大家的日语史,(日) 山口仲美著,北京大学出版社,0
882,学标准日本语过N5,主编肖辉,大连理工大学出版社,0
883,学标准日本语过N4,主编肖辉,大连理工大学出版社,0
884,N5新日本语能力测试应考秘笈,蔡丰琪编著,中国纺织出版社,0
885,超强大·新日本语能力考试N1总复习,编著徐曙... [等],华东理工大学出版社,0
886,新日本语能力考试N1一本通,(韩) 李敏姃著,中国纺织出版社,0
887,战胜新日本语能力测试N5考前总整理,编著林士钧,上海译文出版社,0
888,日语能力考试文法总汇,叶庆主编,学林出版社,0
889,日本语能力测试2级读解35天特训班,主编柴红梅,外文出版社,0
890,新日本语能力测试高分秘籍.N2文法,编著柴红梅,外文出版社,0
891,战胜新日本语能力测试N2+N3考前总整理,编著林士钧,上海译文出版社,0
892,N3模考:新日语能力考试考前对策,新JLPT研究会著,华东理工大学出版社,0
893,N1模考:新日语能力考试考前对策,新JLPT研究会著,华东理工大学出版社,0
894,日本语能力测试1级2级听解35天特训班,编著柴红梅,外文出版社,0
895,新日本语能力测试考前21天循环练,姜微 ... [等] 编著,外语教学与研究出版社,0
896,新日本语能力测试N1应用读解指导与实践,编著陈太勇,大连理工大学出版社,0
897,大学日语四六级考试指南与真题,全国大学日语考试设计组编著,华东理工大学出版社,0
898,一起上50音吧！,小池多津编著,外文出版社,0
899,日语五十音字帖,叶平亭著,商务印书馆,0
900,新完全掌握日语能力考试N1级汉字,石井怜子 ... [等] 著,北京语言大学出版社,0
901,汉字日本,(日) 茂吕美耶著,当代中国出版社,0
902,新完全掌握日语能力考试N2级汉字,石井怜子 ... [等] 著,北京语言大学出版社,0
903,新日语能力考试词汇分类记忆红宝书.N2级,主编金利,北京语言大学出版社,0
904,新日语能力考试词汇分类记忆红宝书.N1级,主编金利,北京语言大学出版社,0
905,新日本语能力考试专项训练.N4/N5文字词汇,本册主编于杨,上海交通大学出版社,0
906,日语能力考试过级达人!:汉字详解N2,(韩) 李致雨编著,外语教学与研究出版社,0
907,日本留学考试8000单词随身记,日本行知学园留考单词书企划组编,华东理工大学出版社,0
908,场景式300主题短文7500日语单词完全掌握,戴文捷编著,华东理工大学出版社,0
909,日语翻译资格考试二级词汇,朱丽颖 ... [等] 编著,大连理工大学出版社,0
910,新日本语能力测试周计划量身定做!.全面解密N2词汇,丛书主编韩兰灵,大连理工大学出版社,0
911,新完全掌握日语能力考试N2级词汇,伊能裕晃 ... [等] 著,北京语言大学出版社,0
912,日语语用学:现象与分析,刘小珊著,商务印书馆,0
913,我爱背单词:最常用的日语3000单词一学就会,谢禹泽编著,中国纺织出版社,0
914,日语国际能力测试.1级文字·词汇全攻略,丛书主编曹金波,大连理工大学出版社,0
915,新日语能力考试全程训练.词汇通关篇,汪俊文编,商务印书馆,0
916,新日本语能力考试N2文法:详解+练习,主编许小明，Reika,华东理工大学出版社,0
917,日语动词探究.第2版,郭永刚著,东北林业大学出版社,0
918,日本语情景句型辞典,日本ASK出版编辑部编,商务印书馆,0
919,日语长难句精解,武德庆编著,武汉大学出版社,0
920,日语古典文法,徐曙编著,华东理工大学出版社,0
921,日语能力测试应试指导.语法1级2级,汤一平编著,上海科学技术文献出版社,0
922,初级日语语法精解,(日) 主编松冈弘,外语教学与研究出版社,0
923,中高级日语语法精解,著 (日) 庵功雄 ... [等],外语教学与研究出版社,0
924,日语语法新思维.修订版,安宁著,北京语言大学出版社,0
925,日语拟声拟态副词词典,主编金慕箴,商务印书馆,0
926,新编日本语能力考试2级语法训练,主编王玉珊,东华大学出版社,0
927,最新日语实用句型大全:有这本就够了,编著花文勰,华东理工大学出版社,0
928,新日本语能力测试N2语法指导与实践.第2版,崔香兰总主编,大连理工大学出版社,0
929,日本語論文·しポートの書き方,(日) 平山 崇编著,南京大学出版社,0
930,中日同声传译技能技巧训练,主编杨玲,北京外语音像出版社,0
931,中日同声传译技能技巧训练:学习辅导用书,主编杨玲,外语教学与研究出版社,0
932,实用日汉翻译教程,张鸿成 ... [等] 编著,上海译文出版社,0
933,中译日笔译教程,徐琼编著,知识产权出版社,0
934,日汉互译基础与技巧,常波涛主编,大连理工大学出版社,0
935,論文の書き方,清水幾太郎著,岩波書店,0
936,高级日语笔译,张秀华编著,南开大学出版社,0
937,日语笔译全真模拟试题及解析:3级,主编李均洋,外文出版社,0
938,日语笔译全真模拟试题及解析:2级,主编彭广陆,外文出版社,0
939,新编汉日日汉同声传译教程:从即席翻译到同声传译.第2版,宋协毅编著,外语教学与研究出版社,0
940,新编日汉翻译教程.第2版,庞春兰编著,北京大学出版社,0
941,现代日中辞典,香坂顺一等编,光生馆,0
942,日语词汇分类学习小词典:汉－日－英对照  日－汉词汇表.新版,秋山宣夫编,北京语言大学出版社,0
943,当代日汉汉日大辞典,主编黄幸,北京大学出版社,0
944,标准日汉汉日辞典,主编乔国钧,大连理工大学出版社,0
945,两分铜币:江户川乱步短篇小说选,(日) 江户川乱步著,中国宇航出版社,0
946,新日本世情,(日) 佐佐木瑞枝著,高等教育出版社,0
947,读览日本:日语泛读精粹.一.第2版,张继彤编著,清华大学出版社,0
948,读览日本:日语泛读精粹.二.第2版,张继彤编著,清华大学出版社,0
949,小促音不见了,(德) 斯蒂法诺·冯·隆文,世界图书出版公司,0
950,日语会话一本通:日常日语口语3000句.第2版,周宇燕编著,中国纺织出版社,0
951,论语,孔祥林,外文出版社,0
952,日语入门口语一本通,前田和夫著,北京理工大学出版社,0
953,罗生门:短篇作品选,(日) 芥川龙之介著,华东理工大学出版社,0
954,奥州小路,(日) 松尾芭蕉著,译林出版社,0
955,日语畅谈日本文化,编著王冲,大连理工大学出版社,0
956,图解日语常用场景表达205例:日汉对照,日本京都日本语教育中心著,大连理工大学出版社,0
957,日语时文阅读菁华60篇,主编庄倩,大连理工大学出版社,0
958,宫泽贤治短篇作品选,(日) 宫泽贤治著,华东理工大学出版社,0
959,日语散文精华,主编陆静华,华东师范大学出版社,0
960,堀辰雄短篇小说选集:日文全本,(日) 堀辰雄著,世界图书出版公司,0
961,我的第一本日语阅读书,李娇等编译,中国宇航出版社,0
962,苏州之旅,董敏芳编著,东南大学出版社,0
963,跟经典榜上日剧轻松学口语,主编金静和,北京航空航天大学出版社,0
964,明治文坛的泰斗:夏目漱石,王奕红编著,南京大学出版社,0
965,日本短篇推理小说选,(日) 江户川乱步等著,华东理工大学出版社,0
966,昭和文学的金字塔:太宰治,吕斌编著,南京大学出版社,0
967,新编日语听解教与学参考书.4,总主编陈俊英,中国宇航出版社,0
968,新编日语听解,总主编陈俊英,中国宇航出版社,0
969,日本人の一生,日本語教育学会 [編],日本語教育学会,0
970,日语快速阅读阶梯闯关.高级.高級篇,主编张小玲,南开大学出版社,0
971,我的第一本日语阅读书,赵玉柱编著,中国纺织出版社,0
972,高级日本文学作品导读,杨洪鉴编著,大连理工大学出版社,0
973,日语阅读训练:通过流行语看日本,编著《日语阅读训练——通过流行语看日本》编委会,外语教学与研究出版社,0
974,N1阅读破解练,主编王红,西安交通大学出版社,0
975,日本文化99元素,(日) 白幡洋三郎著,华东理工大学出版社,0
976,春琴抄:日汉对照全译本,(日) 谷崎润一郎著,中国宇航出版社,0
977,舞姬,(日) 森鸥外著,上海世界图书出版公司,0
978,蟹工船:日汉对照全译本,(日)小林多喜二著,中国宇航出版社,0
979,芥川龙之介短篇小说选集:日汉对照,(日) 芥川龙之介著,上海世界图书出版公司,0
980,日本文学史.第2版,主编李光泽,大连理工大学出版社,0
981,轻松开口说日语,主编: 王雅琪,北京航空航天大学出版社,0
982,日本战后日语教育国际化研究,程志燕著,天津人民出版社,0
983,日语教育学概论,(日)川濑生郎著,北京大学出版社,0
984,日语专业本科课程的国际比较研究:以中韩外国语大学为例,席娜著,南开大学出版社,0
985,日本语能力测试阅读理解解题方法与技巧训练.1级,主编李东杰,广东世界图书出版公司,0
986,夏目漱石短篇小说选集:日汉对照,(日) 夏目漱石著,上海世界图书出版公司,0
987,日本语能力测试预测卷,日本语能力测试命题研究专家组编,大连出版社,0
988,我是猫,(日) 夏目漱石著,华东理工大学出版社,0
989,实用日语高频会话集萃.休闲娱乐篇,白洋主编,中国水利水电出版社,0
990,实用日语高频会话集萃.日常生活篇,孙元元主编,中国水利水电出版社,0
991,日本事情シミへス东京,日本语教育学会,日本语教育学会,0
992,晨读夜诵:每天读一点日语短文精华,郑芳编著,华东理工大学出版社,0
993,新編新しい生活,新しい生活編集委員会,東京書籍,0
994,中岛敦作品选,注译张敏生,上海外语教育出版社,0
995,日本民间故事诵读,主编车成利,大连理工大学出版社,0
996,与幸福牵手的时光,于慧编译,中国宇航出版社,0
997,揭秘新日本语能力测试N1读解,主编李振东,外文出版社,0
998,现代日本语口语句典,李斌瑛主编,北京语言大学出版社,0
999,河童·侏儒警语:日汉对照全译本,(日) 芥川龙之介著,中国宇航出版社,0
1000,新编日本社会文化,许建明编著,东南大学出版社,0
1001,日语报刊选读.2016版,申秀逸编译,大连理工大学出版社,0
1002,简明阿拉伯语词法教程,孔德军编著,商务印书馆,0
1003,中国古代文学作品选,总主编沈松勤,北京师范大学出版社,0
1004,诗经·楚辞·曹操集·王勃集,李敖主编,天津古籍出版社,0
1005,中國古代文學作品選.第二卷.第2版,主編郁賢皓,高等教育出版社,0
1006,中國古代文學作品選.繁體字2版,主編郁賢皓,高等教育出版社,0
1007,陶渊明诗文选集,(晋) 陶渊明著,长江文艺出版社,0
1008,诸葛亮集,(三国) 诸葛亮著,中华书局,0
1009,诸葛亮集,袁钟仁导读,凤凰出版社,0
1010,曹植集校注,(三国魏) 曹植著,中华书局,0
1011,阮籍集校注.第2版,(魏) 阮籍著,中华书局,0
1012,全后汉文,(清) 严可均辑,商务印书馆,0
1013,全汉文,(清) 严可均辑,商务印书馆,0
1014,嵇康集.影印本,魯迅輯校,朝华出版社,0
1015,李清照集箋注.第2版,(宋) 李清照著,上海古籍出版社,0
1016,王阳明诗文选,(明) 王阳明撰,中州古籍出版社,0
1017,柳宗元集,张洲导读注译,岳麓书社,0
1018,琅嬛文集,(明) 张岱著,岳麓书社,0
1019,忠正德文集,(宋) 赵鼎撰,上海古籍出版社,0
1020,柳開集,(宋) 柳開撰,中華書局,0
1021,沈周集,(明) 沈周撰,浙江人民美術出版社,0
1022,東坡先生志林.[影印本],(宋) 蘇軾撰,文物出版社有限公司,0
1023,李白集:节选,李白著,国家图书馆出版社,0
1024,欧阳修集,刘扬忠编选,凤凰出版社,0
1025,韓愈文集彙校箋注,(唐) 韓愈著,中华书局,0
1026,陸游選集,朱東潤選注,上海古籍出版社,0
1027,秦观集,刘尊明编选,凤凰出版社,0
1028,辛弃疾集,刘乃昌编选,凤凰出版社,0
1029,樊川文集,(唐) 杜牧著,上海古籍出版社,0
1030,杜牧集系年校注,(唐) 杜牧撰,中华书局,0
1031,瞿佑全集校註,(明) 瞿佑著,浙江古籍出版社,0
1032,纳兰性德全集,纳兰性德著,新世界出版社,0
1033,张岱诗文集,(明) 张岱著,上海古籍出版社,0
1034,隨園十種,(清) 袁枚等著,浙江古籍出版社,0
1035,宋濂全集,(明) 宋濂著,人民文學出版社,0
1036,王維集校注,(唐) 王維撰,中華書局,0
1037,余懷全集,(清) 余懷撰,上海古籍出版社,0
1038,志雅堂雜鈔 雲煙過眼錄 澄懷錄,(宋) 周密撰,中華書局,0
1039,陳洪綬集,(明) 陳洪綬撰,中华书局,0
1040,石涛诗文集,朱良志辑注,北京大学出版社,0
1041,王维集校注,(唐) 王维撰,中华书局,0
1042,衔蝉小录:清代少女撸猫手记,(清) 孙荪意辑,中信出版集团股份有限公司,0
1043,欧阳修全集,(宋)欧阳修著,中华书局,0
1044,曾巩集,(宋) 曾巩撰,中华书局,0
1045,黄庭堅全集,(宋)黄庭堅著,中華書局,0
1046,王安石集:节选,王安石著,国家图书馆出版社,0
1047,萧红文学精品选,萧红著,现代出版社,0
1048,张恨水精选集,张恨水著,北京燕山出版社,0
1049,多余的话,瞿秋白著,中国友谊出版公司,0
1050,你是那人间的四月天,林徽因著,万卷出版公司,0
1051,你是那人间四月天,林徽因著,中国纺织出版社有限公司,0
1052,巴金作品,巴金,长江文艺出版社,0
1053,取钱买彩票:老舍幽默讽刺经典作品选,老舍著,中国书店,0
1054,荷花淀,孙犁,中国青年出版社,0
1055,萧红全集,萧红著,金城出版社,0
1056,你是人间四月天,林徽因著,群言出版社,0
1057,徐志摩集,韩石山编注,花城出版社,0
1058,穆时英精品选,穆时英著,中国书籍出版社,0
1059,中国现代文学经典:1917-2010:精编版,朱栋霖主编,北京大学出版社,0
1060,郁达夫精品选,郁达夫著,中国书籍出版社,0
1061,茶馆,老舍著,中国华侨出版社,0
1062,李叔同集,李叔同著,东方出版社,0
1063,可惜不是你,林徽因著,北京时代华文书局,0
1064,庐隐经典作品.第2版,庐隐著,当代世界出版社,0
1065,穆时英精品文集,穆时英著,团结出版社,0
1066,周瘦鹃文集,主编范伯群,文汇出版社,0
1067,致青春:李大钊散文诗歌选,李大钊著,中国文史出版社,0
1068,内心的真相:瞿秋白散文诗歌选,瞿秋白著,中国文史出版社,0
1069,徐志摩精品选,徐志摩著,中国书籍出版社,0
1070,中国现代文学作品选:1915-2018:四卷本.第四卷.第4版,主编朱栋霖,高等教育出版社,0
1071,茅盾作品精选,茅盾著,长江文艺出版社,0
1072,你站在桥上看风景,卞之琳著,人民文学出版社,0
1073,一个人的“文艺复兴”,白先勇著,广西师范大学出版社,0
1074,霍达作品精选,霍达,长江文艺出版社,0
1075,丁玲作品选,丁玲著,湘潭大学出版社,0
1076,王安忆自选集,王安忆著,天地出版社,0
1077,苏童自选集,苏童著,天地出版社,0
1078,美食家,陆文夫著,江苏凤凰文艺出版社,0
1079,阿城精选集.第4版,阿城著,北京燕山出版社,0
1080,朗读者.Ⅱ,主编董卿,人民文学出版社,0
1081,张抗抗作品精选,张抗抗著,长江文艺出版社,0
1082,欢喜八事,汪曾祺著,天地出版社,0
1083,骑驴找马:让子弹飞,姜文等著,长江文艺出版社,0
1084,长天过大云:太阳照常升起,姜文等著,长江文艺出版社,0
1085,精神明亮的人:王开岭文集:完整版,王开岭著,书海出版社,0
1086,朗读者.3,主编董卿,人民文学出版社,0
1087,朗读者.Ⅱ.1,董卿主编,人民文学出版社,0
1088,大学四年级,王小波著,时代文艺出版社,0
1089,在上戏当考官的那些年,张文龙著,北岳文艺出版社,0
1090,听听那冷雨,余光中著,中国友谊出版公司,0
1091,山地回忆·芦花荡:白洋淀纪事,孙犁著,岳麓书院,0
1092,花田半亩.第4版,田维,昆仑出版社,0
1093,阿城精选集,阿城著,北京燕山出版社,0
1094,我只是一种曾经的存在,潘连根著,安徽师范大学出版社,0
1095,二十夜和一天:附古巴组诗,萧开愚著,华东师范大学出版社,0
1096,作家笔下的吕梁山护工,安艳芳主编,现代出版社,0
1097,雅舍遗珠,梁实秋著,山东画报出版社,0
1098,莫言自选集,莫言著,四川文艺出版社,0
1099,余华作品精选:夏季台风,余华著,长江文艺出版社,0
1100,九万字,叶三著,重庆大学出版社,0
1101,莎菲女士的日记,丁玲著,天津人民出版社,0
1102,张恨水全集:二十五周年纪念版,张恨水著,北岳文艺出版社,0
1103,在山上写诗 画画 盖房子,吕德安著,中信出版集团,0
1104,笑场,李诞著,湖南文艺出版社,0
1105,读库1905,张立宪主编,新星出版社,0
1106,读库1906,主编张立宪,新星出版社,0
1107,读库1903,主编张立宪,新星出版社,0
1108,读库.2001,主编张立宪,新星出版社,0
1109,麦田物语,王安忆著,人民文学出版社,0
1110,像艳遇一样忧伤,钟立风著,广西师范大学出版社,0
1111,自由的夜行,史铁生著,百花洲文艺出版社,0
1112,尘曲,七堇年作品,九州出版社,0
1113,金庸客栈·十年:1997-2007,新浪网友,中国友谊出版公司,0
1114,侦探·工匠·小说家,双雪涛著,江苏凤凰文艺出版社,0
1115,你还没有爱过,张晓风,人民文学出版社,0
1116,当你途经我的盛放:一个行者的心灵旅程,扎西拉姆·多多著,中信出版社,0
1117,王蒙精选集,王蒙著,北京燕山出版社,0
1118,绿衣人·伍子胥,冯至著,复旦大学出版社,0
1119,朗读者.2,主编董卿,人民文学出版社,0
1120,朗读者.1,主编董卿,人民文学出版社,0
1121,刘醒龙自选集,刘醒龙著,天地出版社,0
1122,去你家玩好吗,韩寒主编,三秦出版社,0
1123,读库.2106,主编张立宪,新星出版社,0
1124,顾城作品精选,顾城著,长江文艺出版社,0
1125,北岛作品精选,北岛著,长江文艺出版社,0
1126,王小波作品精选,王小波著,长江文艺出版社,0
1127,残雪自选集,残雪著,海南出版社,0
1128,在这复杂世界里,一个工作室主编,浙江文艺出版社,0
1129,中国校园文学精选,郭赛 ... [等] 选编,长江文艺出版社,0
1130,我心里有个小小人,虫虫著绘,北京联合出版公司,0
1131,春风十里不如你,冯唐[著],北京联合出版公司,0
1132,释疑者,陈忠实著,人民文学出版社,0
1133,史铁生作品精选,史铁生著,华夏出版社,0
1134,郁达夫,李兰江选编,文汇出版社,0
1135,严歌苓作品精选,严歌苓著,长江文艺出版社,0
1136,春风如酒:过有诗意的生活,宗白华作品,江苏凤凰文艺出版社,0
1137,张枣诗文集,颜炼军编,四川文艺出版社,0
1138,顾城作品,顾城著,长江文艺出版社,0
1139,海子作品,海子著,长江文艺出版社,0
1140,2019年中国女性文学选,张莉编,清华大学出版社,0
1141,中国当代文学史.作品选,洪子诚主编,长江文艺出版社,0
1142,人到中年,谌容,作家出版社,0
1143,中国当代文学史作品选.修订版,洪子诚主编,北京大学出版社,0
1144,路翎作品新编,朱珩青编,人民文学出版社,0
1145,必有人重写爱情,北岛著,海南出版社,0
1146,施蛰存精选集,施蛰存著,北京燕山出版社,0
1147,中国现代文学名作选读,魏家文编著,贵州大学出版社,0
1148,东伦敦的烟火味,东方静好著,上海文艺出版社,0
1149,汪曾祺集,汪曾祺著,花城出版社,0
1150,汪曾祺作品,汪曾祺著,长江文艺出版社,0
1151,余光中作品精选,余光中著,长江文艺出版社,0
1152,周国平自选集,周国平著,海南出版社,0
1153,当年的体温.修订版,王开岭著,书海出版社,0
1154,海子作品精选,海子著,长江文艺出版社,0
1155,命运之谜,史铁生著,河南人民出版社,0
1156,奶奶的星星,史铁生著,山东画报出版社,0
1157,《萌芽》2008年度佳作,《萌芽》杂志社选编,漓江出版社,0
1158,这个世界有谁知道你曾经来过,袁存亮著,中国文联出版社有限公司,0
1159,送行,袁哲生著,四川人民出版社,0
1160,感悟人文,周立伟著,北京理工大学出版社,0
1161,秋天的怀念,史铁生著,华夏出版社,0
1162,心有锦缎,央视新闻编著,金城出版社,0
1163,再见冬妮娅,毛喻原作品,中信出版社,0
1164,鲤·严肃点！文学,张悦然主编,北京联合出版公司,0
1165,蒋公的面子,温方伊著,南京大学出版社,0
1166,读中文系的人,林文月著,文化艺术出版社,0
1167,槐园梦忆,梁实秋著,天津人民出版社,0
1168,汪曾祺自选集,汪曾祺著,商务印书馆,0
1169,接招,西川著,西苑出版社,0
1170,读库.2401,张立宪主编,新星出版社,0
1171,念楼学短,钟叔河著,岳麓书社,0
1172,故事新编:百年纪念版,鲁迅著,崇文书局,0
1173,古文辞类纂,(清) 姚鼐纂集,上海古籍出版社,0
1174,遇见，醉美古文,秋水著,长江文艺出版社,0
1175,汉魏六朝文精选,曹道衡编选,商务印书馆,0
1176,浮生六记,(清) 沈复著,中国华侨出版社,0
1177,三苏文,叶玉麟选注,商务印书馆,0
1178,闲情偶寄,(清) 李渔著,崇文书局,0
1179,陶庵梦忆,(明) 张岱著,西苑出版社,0
1180,夢溪筆談,(宋) 沈括撰,中华书局,0
1181,闲情偶寄译注,辛雅敏译注,上海三联书店,0
1182,李贽小品文笺注,张建业编著,社会科学文献出版社,0
1183,幽梦影,张潮撰,中州古籍出版社,0
1184,唐宋八大家散文全鉴,东篱子解译,中国纺织出版社,0
1185,教你看懂梦溪笔谈,高谈文化,当代世界出版社,0
1186,唐宋八大家文章精华.第2版,熊礼汇编撰,湖北人民出版社,0
1187,明清小品,文心工作室编著,上海三联书店,0
1188,唐宋八大家文选,国学典藏书系丛书编委会,吉林出版集团有限责任公司,0
1189,韩昌黎文集校注,(唐) 韩愈著,上海古籍出版社,0
1190,枕边闲书:古典中的雅趣,(清) 沈复等著,中国华侨出版社,0
1191,梦溪笔谈全鉴:珍藏版,(北宋) 沈括著,中国纺织出版社,0
1192,图解《闲情偶寄》,李渔著,浙江工商大学出版社,0
1193,唐文选,李浩选,人民文学出版社,0
1194,韓昌黎文集校注.第3版,(唐) 韓愈著,上海古籍出版社,0
1195,晚明散文选,汤化注评,中州古籍出版社,0
1196,唐宋古文选,王水照编选,凤凰出版社,0
1197,唐宋八大家散文鉴赏,(唐) 韩愈等著,中国文联出版社,0
1198,增评唐宋八家文读本,(清) 沈德潜选评,崇文书局,0
1199,板桥杂记.第2版,(清) 余怀撰,青岛出版社,0
1200,陶菴夢憶 西湖夢尋,(明) 張岱著,浙江古籍出版社,0
1201,西湖梦寻:经典译评版,张岱著,中国画报出版社,0
1202,板桥杂记,余怀著,人民文学出版社,0
1203,板桥杂记,(清) 余怀著,中州古籍出版社,0
1204,秋灯琐忆:外两篇,(清) 蒋坦著,中国友谊出版公司,0
1205,闲情偶寄:艺术生活的结晶,颜天佑编撰,九州出版社,0
1206,小倉山房尺牘,(清) 袁枚,浙江人民美术出版社,0
1207,闲情偶寄全鉴,(清) 李渔著,中国纺织出版社,0
1208,闲情偶寄,(清) 李渔著,岳麓书社,0
1209,唐宋文醇,(清) 乾隆御定,上海科学技术文献出版社,0
1210,海日楼题跋集:沈曾植著作集,沈曾植著,中华书局,0
1211,福乐智慧,尤素甫·哈斯·哈吉甫著,华文出版社,0
1212,瞥见死神:艺术写作的一次试验:an experiment in art writing,(英) T. J.克拉克著,江苏美术出版社,0
1213,感动心灵的西方美术,丁宁著,北京大学出版社,0
1214,艺术与文化.第2版,(美) 克莱门特·格林伯格著,广西师范大学出版社,0
1215,新艺术史批评导论,(英) 乔纳森·哈里斯著,江苏美术出版社,0
1216,批评的艺术史家,(英) 迈克尔·波德罗著,商务印书馆,0
1217,“当代艺术”:世纪骗术:《艺术的阴谋》更新版,河清著,上海古籍出版社,0
1218,失落与寻回:为什么没有伟大的女艺术家,(美) 琳达?诺克林等著,中国人民大学出版社,0
1219,女性，艺术与权力,(美) 琳达·诺克林著,广西师范大学出版社,0
1220,艺术与文化:critical essays,(美) 克莱门特·格林伯格著,上海三联书店,0
1221,艺术与文化,(美) 克莱门特·格林伯格著,广西师范大学出版社,0
1222,重返风景:当代艺术的地景再现,(法) 卡特琳·古特著,华东师范大学出版社,0
1223,艺术的阴谋,河清,江苏人民出版社,0
1224,没有围墙的博物馆,迩多著,浙江大学出版社,0
1225,另类准则:直面20世纪艺术:confrontations with twentieth-century art,(美) 列奥·施坦伯格著,江苏美术出版社,0
1226,艺术中的黄金、宝石与珠宝,(意) 西尔维亚·马拉古齐著,华中科技大学出版社,0
1227,观念与形式:当代批评语境中的视觉艺术,段炼著,文化艺术出版社,0
1228,1960年以来的艺术,(英) 迈克尔·阿彻著,上海人民美术出版社,0
1229,看与思:读解西方艺术图像,李远行著,中国人民大学出版社,0
1230,退步集,陈丹青著,广西师范大学出版社,0
1231,吾土吾地:中国当代艺术的在地性,易雨潇著,北京交通大学出版社,0
1232,中国艺术批评史,凌继尧主编,上海人民出版社,0
1233,重要的是现场,邱志杰著,中国人民大学出版社,0
1234,关键在于实验:巫鸿中国当代艺术文集:collected works on contemporary Chinese art by Wu Hung,(美) 巫鸿著,河南文艺出版社,0
1235,李叔同谈艺,李叔同著,陕西师范大学出版社,0
1236,观念艺术:解构与重建的诗学,张晓凌著,吉林美术出版社,0
1237,废墟的故事:中国美术和视觉文化中的“在场”与“缺席”:presence and absence in Chinese art and visual c,(美) 巫鸿著,上海人民出版社,0
1238,绘画反对图像,汪民安著,中国社会科学出版社,0
1239,北大艺术评论,主编王一川,商务印书馆,0
1240,自治与他治:艺术批评论文集,王建玉著,中国社会科学出版社,0
1241,搅局:我来戳艺术江湖的泡泡,陈晓峰著,新星出版社,0
1242,中国女性主义艺术性修辞学,佟玉洁著,广西师范大学出版社,0
1243,作为表现和观念的“抽象”,漆麟著,人民出版社,0
1244,发现艺术之美,吴式南著,鹭江出版社,0
1245,现代生活的画家,(法) 夏尔·波德莱尔著,商务印书馆,0
1246,西方艺术与性文化,张朝晖编著,学林出版社,0
1247,弗朗西斯·培根,著 (英) 马丁·哈默尔,广西美术出版社,0
1248,艺术社会学三论,(德) 瓦尔特·本雅明著,南京大学出版社,0
1249,这就是马蒂斯,(英) 凯瑟琳·英格拉姆著,天津人民出版社,0
1250,西方现代艺术批评,(法)让-吕克·夏吕姆著,文化艺术出版社,0
1251,西方现代艺术批判,王天兵著,中国人民大学出版社,0
1252,你不可不知道的欧洲艺术:建筑  雕塑  绘画,刘绮文,中国旅游出版社,0
1253,罗伯特·劳申伯格,著 (英) 凯瑟琳·克拉夫特,广西美术出版社,0
1254,安迪·沃霍尔,著 (美) 约瑟夫·D.凯特纳二世,广西美术出版社,0
1255,布赖斯·马登,著 (美) 艾琳·克斯特罗,广西美术出版社,0
1256,安塞尔姆·基弗,著 (美) 马修·毕罗著,广西美术出版社,0
1257,这就是沃霍尔,(英) 凯瑟琳·英格拉姆著,天津人民出版社,0
1258,汪小洋学术代表作,汪小洋著,东南大学出版社,0
1259,曼荼罗之研究,原著栂尾祥云,中国藏学出版社,0
1260,TAIYOU:松本大洋自選画集,松本大洋著,小学館,0
1261,我们这一代,肖全,花城出版社,0
1262,且喜人间好时节:清代王府的影像美学,关欣著,人民美术出版社,0
1263,发现青海:100个最美观景拍摄地,李栓科主编,北京联合出版公司,0
1264,龙川江上:高黎贡山的一千零一面:the one thousand and faces of the Gaoligong Mountains,刘正凡著,知识产权出版社,0
1265,温润的爱,周伯洁著,知识产权出版社,0
1266,山河无恙,左红著,电子工业出版社,0
1267,极目长河,董保华摄影,黄河水利出版社,0
1268,格陵兰消逝的梦,罗晓韵著,电子工业出版社,0
1269,百名摄影师聚焦陕西,朱宝霞,中国文联出版社,0
1270,内心的寂静:亨利·卡蒂埃－布列松人像摄影作品集,(法) 阿格尼丝·赛壬序,北京美术摄影出版社,0
1271,美之地图:women of the world in 500 portraits,(罗马尼亚) 米哈埃拉·诺洛茨著,广西师范大学出版社,0
1272,卡什·肖像经典,(加) 陈淳焘编,上海世界图书出版公司,0
1273,在漫长的旅途中,星野道夫,上海人民出版社,0
1274,荒野之歌:国际野生生物摄影年赛精选:the masters of nature photography,(英) 罗莎蒙德·基德曼·考克斯编著,北京联合出版公司,0
1275,我的爱猫奇洛,(日) 荒木经惟著,中信出版集团股份有限公司,0
1276,遗失在西方的中国史:老北京皇城写真全图,(瑞典) 喜仁龙著,广东人民出版社,0
1277,当代建筑写真,乔万尼·普莱苏蒂,奥斯卡·里拉·奥赫达出版社,0
1278,纹样物语,(日) 笕菜奈子著,中国青年出版社,0
1279,世界纹样,(英) 欧文·琼斯著,商务印书馆,0
1280,樋口愉美子的12个月刺绣,(日) 樋口愉美子著,河南科学技术出版社,0
1281,基础绣法入门私享课:刺绣、十字绣、珠绣、贴布绣,(日) 寺西 恵里子著,机械工业出版社,0
1282,日本企業識別設計,美工圖書社編,邯鄲出版社,0
1283,Logo 新语 :,深圳市艺力文化发展有限公司,大连理工大学出版社,0
1284,CI设计,成朝晖编著,中国美术学院出版社,0
1285,设计的语言,(英) 迪耶·萨迪奇著,广西师范大学出版社,0
1286,品牌元素:LOGO设计,善本出版有限公司编著,华中科技大学出版社,0
1287,现代设计元素.版式设计,陆红阳,广西美术出版社,0
1288,日本平面创意设计年鉴,(日) work corporation,中国青年出版社,0
1289,大胆设计:法国最新平面设计作品集:new graphic design in france grégoire noyelles,(法) 查理著,辽宁科学技术出版社,0
1290,UI图标创意设计,童元园编著,人民邮电出版社,0
1291,鲸鱼在喷水,佐藤卓,中信出版社,0
1292,Logo之美:创意视觉标志设计:the art of creating visual identities,(英) Gareth Hardy著,人民邮电出版社,0
1293,跟着大师学压花,(美) 谢荔著,机械工业出版社,0
1294,世界徽章鉴赏指南:珍藏版.第2版,《深度军事》编委会编著,清华大学出版社,0
1295,椀一式:手边的漆器,(日) 原研哉编著,重庆大学出版社,0
1296,面具:人类的自我伪装与救赎:the art of expression,(英) 约翰·马克主编,南方日报出版社,0
1297,纸艺术,深圳市艺力文化发展有限公司编,大连理工大学出版社,0
1298,川畑文昭超造型动物折纸,(日) 川畑文昭著,中国纺织出版社有限公司,0
1299,最新版折纸大全,(英) 里克·比奇著,河南科学技术出版社,0
1300,花型衍纸:花和颜色的视觉享受,(日) 中谷资子著,中国纺织出版社,0
1301,立体构成:三谷纯的弧线立体折纸之美,(日) 三谷纯编著,中国纺织出版社,0
1302,设计折学:用一张纸引发你的空间想象力,(英) 保罗·杰克逊著,上海人民美术出版社,0
1303,面具之道,(法) 克洛德·列维-斯特劳斯著,中国人民大学出版社,0
1304,重新发现亚洲电影:二十一世纪的跨国生产与传播,郝延斌著,东南大学出版社,0
1305,美丽之味:侯麦电影随笔,(法) 埃里克·侯麦著,中信出版集团股份有限公司,0
1306,好莱坞类型电影,(美) 托马斯·沙茨著,四川人民出版社,0
1307,好莱坞:电影与意识形态:cinema et ideologie,(法) 雷吉斯·迪布瓦著,商务印书馆,0
1308,修昔底德四论,任军锋著,华东师范大学出版社,0
1309,碎片化的历史学:从<<年鉴>>到“新史学”,(法) 弗朗索瓦·多斯著,北京大学出版社,0
1310,西方的历史观念:从古希腊到现代:from ancient greece to the present.修订版,王晴佳著,北京师范大学出版社,0
1311,叙事的转向:当代西方史学理论的考察,彭刚著,北京大学出版社,0
1312,西方史学史.第4版,郭小凌主编,北京师范大学出版社,0
1313,德国的历史观:从赫尔德到当代历史思想的民族传统,(德) 格奥尔格·G. 伊格尔斯著,商务印书馆,0
1314,希罗多德《历史》:描述历史的均衡,(日) 中务哲郎著,生活·读书·新知三联书店,0
1315,叙事的转向:当代西方史学理论的考察.第2版,彭刚著,北京大学出版社,0
1316,通鉴学,张煦侯著,北京联合出版公司,0
1317,中国古代的社会与国家,(日) 增渊龙夫著,上海古籍出版社,0
1318,宅兹中国:重建有关“中国”的历史论述,葛兆光著,中华书局,0
1319,中国现代价值观的初生历程:从李贽到戴震,吴根友著,武汉大学出版社,0
1320,血酬定律:中国历史中的生存游戏,吴思著,中国工人出版社,0
1321,哈佛极简中国史:从文明起源到20世纪.第2版,(美) 阿尔伯特·克雷格著,中信出版集团股份有限公司,0
1322,华烛帐前明:从文物看古人的生活与战争,杨泓著,黄山书社,0
1323,中国历史通论.增订本,王家范著,生活·读书·新知三联书店,0
1324,国史新论,钱穆著,九州出版社,0
1325,国史要义,柳诒徵著,上海古籍出版社,0
1326,西方汉学十六讲,主编张西平,外语教学与研究出版社,0
1327,透过地理看历史,李不白著,台海出版社,0
1328,青史读来总断肠,张秀枫主编,二十一世纪出版社,0
1329,天人之际,葛剑雄著,九州出版社,0
1330,千年悖论:人性的历史实验记录.第2版,张宏杰著,重庆出版社,0
1331,半学术:读书与存真,张剑光著,上海人民出版社,0
1332,中国大历史,黄仁宇著,九州出版社,0
1333,中国人:他们的故事和文化:their history and culture,(美) 赖德烈著,北京大学出版社,0
1334,中国好人:刀尔登读史,刀尔登著,山西人民出版社,0
1335,俄罗斯汉学三百年,阎国栋著,学苑出版社,0
1336,历史的游荡者,李硕著,上海人民出版社,0
1337,宫崎市定中国史,(日) 宫崎市定著,民主与建设出版社有限责任公司,0
1338,史学方法导论,傅斯年著,中华书局,0
1339,“天命”如何转移:清朝“大一统”观的形成与实践,杨念群著,上海人民出版社,0
1340,读史有学问-第2版,冷成金著,南海出版公司,0
1341,世界汉学,中国艺术研究院中国文化研究所编辑,世界汉学杂志社,0
1342,中国历史研究法,梁启超著,中华书局,0
1343,陈垣史源学杂文.增订本,陈智超编注,生活·读书·新知三联书店,0
1344,中国古代佞幸史,王丙岐著,香港天马出版有限公司,0
1345,帝制与盛世:汉唐明的时代:公元1500年之前,李晓鹏著,天地出版社,0
1346,大中国史:中国第一部完整意义上的通史,吕思勉著,吉林出版集团有限责任公司,0
1347,中国通史,吕思勉著,中华书局,0
1348,忍不住想看的历史冷知识,赵珮宏著,长江文艺出版社,0
1349,极简中国史,吕思勉著,天津人民出版社,0
1350,龙套也疯狂:小人物的大历史,文浩著,陕西师范大学出版总社,0
1351,马伯庸笑翻中国简史,马伯庸著,北京联合出版公司,0
1352,从历史看时代转移,许倬云著,广西师范大学出版社,0
1353,图文中国史,樊树志著,中华书局,0
1354,符号里的中国,赵运涛著,中华书局,0
1355,中国历代谜案,古山月著,中国书籍出版社,0
1356,冷历史,三不著,浙江人民出版社,0
1357,趣历史:那些耐人寻味的历史故事,秦涛著,中国法制出版社,0
1358,半小时漫画中国史:其实是一本严谨的极简中国史,二混子著,江苏凤凰文艺出版社,0
1359,半小时漫画中国史.5,陈磊著,文汇出版社,0
1360,古代人的日常生活,讲历史的王老师著,江苏凤凰文艺出版社,0
1361,半小时漫画中国史.2,陈磊著,海南出版社,0
1362,半小时漫画中国史:其实是一本严谨的极简中国史.4,陈磊著,海南出版社,0
1363,北大历史课,程门立雪编著,人民邮电出版社,0
1364,一读就上瘾的中国史,温伯陵著,台海出版社,0
1365,将相本无种:历史的闲言碎语,杨自强,上海书店出版社,0
1366,中华史纲,蔡美彪著,社会科学文献出版社,0
1367,历史老师没教过的历史,忆江南著,浙江大学出版社,0
1368,历史老师没教过的历史.4,忆江南著,浙江大学出版社,0
1369,历史老师没教过的历史,忆江南著,浙江大学出版社,0
1370,历史老师没教过的历史.2,忆江南著,浙江大学出版社,0
1371,北大历史讲座,胡适等著,哈尔滨出版社,0
1372,中华上下五千年,宛华主编,中国华侨出版社,0
1373,中国全史.丑史篇,曹金洪主编,中国言实出版社,0
1374,枢纽:3000年的中国,施展著,广西师范大学出版社,0
1375,中国史,吕思勉著,北京联合出版公司,0
1376,中华上下五千年,杨永胜主编,外文出版社,0
1377,历史总是这样残忍,周慕白著,中央广播电视大学出版社,0
1378,陈舜臣说十八史略:中国历史极简本,(日) 陈舜臣著,陕西师范大学出版总社,0
1379,中国历史常识全知道,程如明编著,中央编译出版社,0
1380,中国的历史,吕思勉著,新世界出版社,0
1381,中国通史,吕思勉著,巴蜀书社,0
1382,楚汉双雄,渤海小吏著,台海出版社,0
1383,超好看半小时漫画中国史,胡策陌著,国际文化出版公司,0
1384,故事里的中国史,李娟编著,中国华侨出版社,0
1385,历史的帘子,郑云鹏著,华文出版社,0
1386,一看就停不下来的中国史,最爱君著,台海出版社,0
1387,你不知道的历史冷知识,韦明辉著,辽宁人民出版社,0
1388,中国简史,吕思勉著,北京理工大学出版社,0
1389,极简中国史,马勇著,海峡书局,0
1390,读史有智慧,冷成金著,重庆出版社,0
1391,草与禾:中华文明4000年融合史,波音著,中信出版集团股份有限公司,0
1392,简读中国史:中国历代腐败背后的权力与财政,张宏杰著,岳麓书社,0
1393,历史的正面与侧面,吴晗著,中国华侨出版社,0
1394,历史的盛宴,吕思勉等著,新世界出版社,0
1395,历代悬案:透析悬案背后的历史细节,程关云著,台海出版社,0
1396,大辽王朝,刘学铫著,陕西人民出版社,0
1397,金宋关系史研究.增订本,赵永春著,商务印书馆,0
1398,金人“中国”观研究,熊鸣琴著,上海古籍出版社,0
1399,西辽帝国,赤军著,中国国际广播出版社,0
1400,西辽帝国传奇,赤军著,中国国际广播出版社,0
1401,西夏文化研究,史金波著,中国社会科学出版社,0
1402,西夏通史,李范文主编,宁夏人民出版社,0
1403,西夏与周边民族关系,杜建录著,甘肃文化出版社,0
1404,大元史与新清史:以元代和清代西藏和藏传佛教研究为中心:studies on Tibet and Tibetan buddhism during...,沈卫荣著,上海古籍出版社,0
1405,元明江南政治生态与社会发展,李治安主编,中国社会科学出版社,0
1406,元朝那些事儿,昊天牧云著,中国工人出版社,0
1407,元史十八讲,李治安著,中华书局,0
1408,姹紫嫣红开遍,王小舒著,上海古籍出版社,0
1409,铁血蒙元,易中天著,浙江文艺出版社,0
1410,蒙古帝国视野下的元史与东西文化交流,邱轶皓著,上海古籍出版社,0
1411,万历十五年,黄仁宇著,中华书局,0
1412,明史讲义,孟森撰,上海古籍出版社,0
1413,万历十五年.增补本,黄仁宇著,九州出版社,0
1414,晚明史:1573-1644.第2版,樊树志,复旦大学出版社,0
1415,明史:多重性格的时代,王天有，高寿仙著,中信出版集团,0
1416,明清思想与文化,吕妙芬主编,世界图书出版公司,0
1417,吴晗讲明代简史,吴晗著,河海大学出版社,0
1418,明朝那些事儿.增补版,当年明月著,北京联合出版公司,0
1419,明朝那些事儿,当年明月著,浙江人民出版社,0
1420,明朝那些事儿.典藏本,当年明月著,中国海关出版社,0
1421,明朝十大奇案.插图本,徐文钦著,人民日报出版社,0
1422,明史不忍细看,向敬之著,江苏人民出版社,0
1423,明史简述,吴晗著,北京出版社,0
1424,显微镜下的大明,马伯庸著,湖南文艺出版社,0
1425,李岩质疑:明清易代史事探微,顾诚著,光明日报出版社,0
1426,明冤:毛文龙、袁崇焕与明末中国的历史走向,杜车别著,生活·读书·新知三联书店,0
1427,挣扎的帝国:元与明:China in the Yuan and Ming dynasties,(加) 卜正民著,中信出版社,0
1428,黑洞:弘光纪事,李洁非著,人民文学出版社,0
1429,南明史:1644-1662,(美) 司徒琳著,上海人民出版社,0
1430,明末农民战争史,顾诚著,光明日报出版社,0
1431,明朝那些事儿,当年明月著,中国友谊出版公司,0
1432,明朝其实很有趣儿,雾满拦江,文汇出版社,0
1433,张居正改革群体研究,冯明著,中国社会科学出版社,0
1434,明朝锦衣卫和东西厂,吴晗著,中国友谊出版公司,0
1435,南明史,顾诚著,光明日报出版社,0
1436,南明史,顾诚著,北京日报出版社,0
1437,明朝那些事儿.大结局,当年明月著,中国海关出版社,0
1438,明朝后妃与政局演变,林延清等著,人民出版社,0
1439,嘉靖帝的四季:皇帝与首辅,(美) 窦德士著,九州出版社,0
1440,桃花扇底看南朝,张建安著,广东人民出版社,0
1441,细说明朝.第2版,黎东方著,上海人民出版社,0
1442,明末清初大变局,姜越编著,辽宁人民出版社,0
1443,长物:早期现代中国的物质文化与社会状况.第2版,(英) 柯律格著,生活·读书·新知三联书店,0
1444,走进晚明,商传著,商务印书馆,0
1445,长物:早期现代中国的物质文化与社会状况:material culture and social status in early modern China,(英) 柯律格著,三联书店,0
1446,一读就上瘾的明朝史.第一卷,顾道惊城著,台海出版社,0
1447,夜航船全鉴,(明) 张岱著,中国纺织出版社,0
1448,大明卷:明朝极简史艺术画集,刘明编著,人民邮电出版社,0
1449,十字路口的明朝,赵现海著,天地出版社,0
1450,白话精评明史纪事本末,原著 (清) 谷应泰,辽海出版社,0
1451,明史纪事本末,(清) 谷应泰撰,中华书局,0
1452,名山藏,(明) 何喬遠撰,福建人民出版社,0
1453,明朝那些事儿.陆,当年明月著,中国海关出版社,0
1454,跑偏的帝国:大明王朝谁当家,宗承灏著,现代出版社,0
1455,明史十二讲,樊树志著,中华书局,0
1456,奋起东南:南明那些事儿,士承东林著,中国大百科全书出版社,0
1457,明代社会转型与文化变迁,陈宝良著,重庆大学出版社,0
1458,东林沉浮,程万军著,中国民主法制出版社,0
1459,大明风云300年,南宫烈著,中央编译出版社,0
1460,甲申三百年祭,郭沫若著,国家行政学院出版社,0
1461,漫画明朝历史,王立坤著,四川人民出版社,0
1462,大明疑案,傅小凡著,电子工业出版社,0
1463,明帝国与倭寇,(日) 三田村泰助著,四川人民出版社,0
1464,郑和与非洲,李新烽主编,中国社会科学出版社,0
1465,郑和下西洋:1421中国发现世界,(日) 上杉千年著,上海社会科学院出版社,0
1466,郑和下西洋新考,周运中著,中国社会科学出版社,0
1467,郑和下西洋,马骏杰著,中国财政经济出版社,0
1468,朝贡、战争与贸易:大航海时代的明朝,袁灿兴著,天地出版社,0
1469,大顺悲歌,赤脚踏沧浪著,海南出版社,0
1470,重写晚明史:朝廷与党争,樊树志著,中华书局,0
1471,夜航船,(明) 张岱著,中信出版社,0
1472,大明王朝之春夏秋冬,赵柏田著,万卷出版公司,0
1473,神武军容耀天威:明代皇室的尚武活动,(美) 鲁大维著,社会科学文献出版社,0
1474,明朝的拐点:永乐皇帝和他的子孙,赵中男著,东方出版中心,0
1475,崇祯的王朝,夏维中著,江苏人民出版社,0
1476,辛亥革命的前前后后,金冲及著,人民出版社,0
1477,辛亥革命与近代中国社会变迁,朱英主编,华中师范大学出版社,0
1478,革命年代,高华著,广东人民出版社,0
1479,南京大屠杀:第二次世界大战中被遗忘的大浩劫:the forgotten holocaust of World War Ⅱ.第2版,(美) 张纯如著,中信出版社,0
1480,浙江永康 最后的抗战老兵,方军著,山东画报出版社,0
1481,南京大屠杀:第二次世界大战中被遗忘的大浩劫:the forgotten holocaust of world war Ⅱ,(美) 张纯如著,中信出版社,0
1482,南京大屠杀,(美) 张纯如著,东方出版社,0
1483,1937南京记忆,《1937南京记忆》摄制组编著,新世界出版社,0
1484,南京大屠杀史,张宪文主编,南京大学出版社,0
1485,南京大屠杀图录,侵华日军南京大屠杀遇难同胞纪念馆编,五洲传播出版社,0
1486,中国共产党的抗战历程,于化庭著,济南出版社,0
1487,南京大屠杀和日本人的精神构造,津田道夫著,新星出版社,0
1488,联合政府与一党训政:1944-1946年间国共政争.修订本,邓野著,社会科学文献出版社,0
1489,蒋介石的战略布局:1939-1941,邓野著,社会科学文献出版社,0
1490,南京浩劫:被遗忘的大屠杀:the forgotten holocaust of World Way II,(美) 张纯如著,东方出版社,0
1491,东京审判,上海市虹口区档案馆编,上海书店出版社,0
1492,大棋局中的国共关系,吕迅著,社会科学文献出版社,0
1493,蒙元史研究探微,陈有和著,人民出版社,0
1494,瑞羽:一个边汉社会的组织、仪式与认同,石峰著,中国社会科学出版社,0
1495,蒙古帝国中亚征服史,(印) G. D. 古拉提著,社会科学文献出版社,0
1496,鄂温克族精神文化,朝克著,社会科学文献出版社,0
1497,满汉文化交流史话,定宜庄著,社会科学文献出版社,0
1498,中国满族,关凯编著,宁夏人民出版社,0
1499,满族人的那些事儿,徐淦生著,中国文联出版社,0
1500,电视与黎族生活方式的变迁,卿志军著,中国传媒大学出版社,0
1501,元西域人华化考,陈垣著,中华书局,0
1502,匈奴史稿.增补版,陈序经著,北京联合出版公司,0
1503,匈奴通史,林幹著,人民出版社,0
1504,匈奴帝国七百年,陈序经著,天津人民出版社,0
1505,中古中国的粟特胡人:以长安为中心,毕波著,中国人民大学出版社,0
1506,匈奴帝国,张金奎著,中国国际广播出版社,0
1507,大月氏:寻找中亚谜一样的民族,(日) 小谷仲男著,商务印书馆,0
1508,叙利亚战争沉思录:二十一世纪的“微型世界战争”,况腊生著,人民出版社,0
1509,维京时代:从狂战士到海上贸易的开拓者:from berserker to blazer of maritime trade,(瑞典) 安德斯·温罗特著,上海社会科学院出版社,0
1510,巨舰横行:北欧海盗:公元800-1100,游弋主编,江苏教育出版社,0
1511,十字军东征:计划与组织 理性与信仰:reason and religious war in the high middle ages,(美) 克里斯托弗·蒂尔曼著,上海社会科学院出版社,0
1512,古代数学先驱:10位古代数学家的故事,(美) 迈克尔·J. 布拉德利著,上海科学技术文献出版社,0
1513,数学巨匠:从欧拉到冯·诺依曼,约安·詹姆斯著,上海科技教育出版社,0
1514,数学传奇:那些难以企及的人物,蔡天新著,商务印书馆,0
1515,编程人生:15位软件先驱访谈录.上卷,(美) Peter Seibel著,人民邮电出版社,0
1516,编程大师访谈录,(美) Susan Lammers著,人民邮电出版社,0
1517,漫画诺贝尔科学家:生理学或医学奖,胖乐胖乐著,湖南科学技术出版社,0
1518,悟园:40位造园大师背后的故事,(英) 斯蒂芬·安德顿著,华中科技大学出版社,0
1519,当代数学精英:菲尔兹奖得主及其建树与见解.第3版,李心灿 ... [等] 编,上海科技教育出版社,0
1520,通往斯德哥尔摩之路:诺贝尔奖、科学和科学家,(匈) 伊什特万·豪尔吉陶伊著,上海科技教育出版社,0
1521,世界十大传奇帝王,史海渔夫著,中国铁道出版社,0
1522,政治其实很好玩,浪淘沙编著,人民日报出版社,0
1523,权力巅峰的舞者:环球首脑纵览,周有恒著,世界知识出版社,0
1524,领袖们,(美) 理查德·尼克松著,人民出版社,0
1525,塑造世界的21位统治者,(英) 菲莉帕·格里夫顿编著,中国画报出版社,0
1526,她们的传奇:率性而为的女性们,(法) 佩内洛普·芭桔编绘,中国友谊出版公司,0
1527,女性小传,(西) 罗莎·蒙特罗著,浙江人民出版社,0
1528,那些特别善于表达自己观点的女人,(加) 米歇尔·迪安著,社会科学文献出版社,0
1529,物·画·影:穿衣镜全球小史,(美) 巫鸿著,上海人民出版社,0
1530,近百年古城古墓发掘史.外一种: 六朝陵墓调查报告,郑振铎著,岳麓书社,0
1531,日本的祭礼,周洁主编,世界知识出版社,0
1532,日本人:一民族一国家私たちの歴史,能見正比古著,さえら書房,0
1533,日本民俗艺能巡礼,麻国钧著,外语教学与研究出版社,0
1534,日本民俗学方法序说:柳田国男与民俗学,(日) 福田亚细男著,学苑出版社,0
1535,信仰 体裁 社会:从爱沙尼亚民俗学的角度分析,(爱) 于鲁·瓦尔克著,中国大百科全书出版社,0
1536,中国东北地区城市地理,王士君 ... [等]著,科学出版社,0
1537,苏州记忆,秦兆基著,南京师范大学出版社,0
1538,街巷里弄,谭伟民著,古吴轩出版社,0
1539,扬州地名掌故,王克胜主编,南京师范大学出版社,0
1540,科学的南京,中国科学社编,东南大学出版社,0
1541,福建历史地理研究,刘锡涛著,福建教育出版社,0
1542,福州平原.第2版,中国地理百科丛书编委会编著,世界图书出版广东有限公司,0
1543,无锡读本,无锡市史志办公室编,方志出版社,0
1544,无锡名片,阴岭山著,南京出版社,0
1545,南京地名趣话.第2版,吕武进编,南京出版社,0
1546,南京城市地理变迁及现代景观,姚亦锋著,南京大学出版社,0
1547,漆桥村,主编徐耀新,江苏人民出版社,0
1548,追梦古城台儿庄,陈伟著,中华书局,0
1549,徽州古村落,主编李传玺,安徽科学技术出版社,0
1550,安庆人文历史二十讲,安庆市图书馆编,国家图书馆出版社,0
1551,南京红色地名,南京市行政区划地名协会编,南京出版社,0
1552,街头与市井,汪军著,上海三联书店,0
1553,中国江苏.2021.2021,江苏省人民政府新闻办公室编,译林出版社,0
1554,人工智能社会学,高崇著,北京邮电大学出版社,0
1555,战国策,(西汉) 刘向集录,团结出版社,0
1556,美学四讲,李泽厚著,长江文艺出版社,0
1557,怪奇人物博物馆,(日) 涩泽龙彦著,九州出版社,0
1558,牛,吴煦斌著,九州出版社,0
1559,马当家的饭桌,(韩)洪渊植编绘,湖南美术出版社,0
1560,香帅金融学讲义,香帅著,中信出版集团股份有限公司,0
1561,正义联盟:世界上最伟大英雄的12个故事,(英) 马克·米勒等编绘,民主与建设出版社,0
1562,此人文风平平无奇,七英俊著,长江出版社,0
1563,指弹吉他完整教程.第2版,卢家宏编著,吉林出版集团股份有限公司,0
1564,休战,(乌拉圭) 马里奥·贝内德蒂著,作家出版社有限公司,0
1565,浮世绘,潘力著,湖南美术出版社,0
1566,平台资本主义,(加) 尼克·斯尔尼塞克著,广东人民出版社,0
1567,西线无战事,(德) 埃里希·玛丽亚·雷马克著,上海文艺出版社,0
1568,野性的呼唤,(美) 杰克·伦敦著,江苏凤凰文艺出版社,0
1569,魔眼之匣谜案,(日) 今村昌弘著,北京联合出版公司,0
1570,国家与行政管理,(法) 帕特里克·热拉尔著,上海译文出版社有限公司,0
1571,盾构施工主要问题与案例分析,郭卫社主编,人民交通出版社股份有限公司,0
1572,如何成为不完美主义者,(美) 斯蒂芬·盖斯著,江西人民出版社,0
1573,“笨办法”学Python 3.第2版,(美) 泽德·A.肖著,人民邮电出版社,0
1574,戏说:王安忆谈艺术,王安忆著,东方出版中心,0
1575,专制主义统治下的臣民心理,谢天佑著,广西师范大学出版社,0
1576,弗洛伊德：幻象的制造,(美) 弗雷德里克·克鲁斯著,上海人民出版社,0
1577,历史与记忆,(英) 杰弗里·丘比特著,译林出版社,0
1578,宋帝国的危机与维系:信息、领土与人际网络:the crisis and maintenance of empire in Song China,(比) 魏希德,江苏人民出版社,0
1579,项目管理手册,高俊合主编,中国建筑工业出版社,0
1580,白鲸,(美) 赫尔曼·麦尔维尔著,江苏凤凰出版社,0
1581,艺术理论建构的知识学问题,刘春阳著,社会科学文献出版社,0
1582,中国动画电影叙事研究,伍婷著,武汉大学出版社,0
1583,定本 柄谷行人文学论集,(日) 柄谷行人著,中央编译出版社,0
1584,当代政治哲学十论,应奇著,浙江大学出版社,0
1585,JavaScript动态网站开发,裴雨龙编著,清华大学出版社,0
1586,PROCREATE时装画技法教程,五爷hey，张颖著,东华大学出版社,0
1587,消失的真实:现代社会的思想困境,金观涛著,中信出版集团,0
1588,康德论人类尊严,(德) 奥利弗·森森著,商务印书馆,0
1589,黑毡上的北魏皇帝.修订本,罗新著,上海三联书店,0
1590,致用与娱情:大清盛世的世俗绘画:vernacular painting in high Qing China,(美) 高居翰著,三联书店,0
1591,画语录:听王季迁谈中国书画的笔墨:definition of brushwork-oriented criteria in Chinese literati aes...,作者徐小虎,上海三联书店,0
1592,名侦探原田亘,(日) 白井智之著,人民文学出版社,0
1593,虚无的十字架,(日) 东野圭吾著,南海出版公司,0
1594,纪德论陀思妥耶夫斯基,(法) 安德烈·纪德著,广西师范大学出版社,0
1595,犬之力,(美) 托马斯·萨维奇著,新星出版社,0
1596,偶然的创造,(意) 埃莱娜·费兰特著,人民文学出版社,0
1597,结婚练习生,毛利著,台海出版社,0
1598,不能承受的生命之轻,米兰·昆德拉著,上海译文出版社,0
1599,制造宠物:支配与感情:dominance and affection,(美) 段义孚著,光启书局,0
1600,大明王朝的权力博弈:樊树志细说明朝人物,樊树志著,天地出版社,0
1601,当尘埃落尽,(加) 米歇尔·拉巴利亚著,四川美术出版社,0
1602,局外人 鼠疫,(法国) 阿尔贝·加缪著,译林出版社,0
1603,宋明儒学中的“身体”与“诠释”之维,陈立胜著,商务印书馆,0
1604,那些最重要的科学新发现,(美)约翰·布罗克曼编著,中国纺织出版社,0
1605,莉莉丝的孩子,(美) 奥克塔维娅·E. 巴特勒著,天地出版社,0
1606,学习贯彻党的二十大精神述评,新华通讯社编著,新华出版社,0
1607,万象自心出:中国古书画研究,何惠鉴著,上海书画出版社,0
1608,城北地带,苏童 [著],上海文艺出版社,0
1609,金榜题名之后:大学生出路分化之谜,郑雅君著,上海三联书店,0
1610,R语言数据分析与挖掘:微课版,谢佳标编著,人民邮电出版社,0
1611,道德愚人:置身道德高地之外:a case for amorality,(德) 汉斯-格奥尔格·梅勒著,东方出版中心有限公司,0
1612,中国古代文化常识:全新补订版,王力主编,天津人民出版社,0
1613,后电影视觉:运动影像媒介与观众的共同进化:the coevolution of moving-image media and the spectator,(美) 罗杰·F. 库克著,广西师范大学出版社,0
1614,江村经济:中国农民的生活:a field study of country life in the Yangtze valley,费孝通著,外语教学与研究出版社,0
1615,道德的演化,(澳) 理查德·乔伊斯著,译林出版社,0
1616,爱说教的男人,(美)丽贝卡·索尔尼特著,人民文学出版社,0
1617,艺术与物性,巫鸿编著,上海书画出版社,0
1618,数字营销概论,周茂君著,科学出版社,0
1619,生死疲劳,莫言著,浙江文艺出版社,0
1620,骗子家族,(日) 道尾秀介著,海南出版社,0
1621,纸帐篷,(加) 玛格丽特·阿特伍德著,河南文艺出版社,0
1622,第七重解答,(法) 保罗·霍尔特著,文汇出版社,0
1623,服务机器人理论设计实践与应用,付勇 ... [等] 主编,电子工业出版社,0
1624,科学简史,(英) W.C.丹皮尔著,中国华侨出版社,0
1625,科学革命,(美) 劳伦斯·普林西比著,译林出版社,0
1626,科学史十五讲,江晓原主编,北京大学出版社,0
1627,全球科技通史,吴军著,中信出版集团,0
1628,世界图景的机械化,(荷) 爱德华·扬·戴克斯特豪斯著,商务印书馆,0
1629,半小时漫画科学史,陈磊·半小时漫画团队著,文汇出版社,0
1630,自然史,(法) 布封著,天津科学技术出版社,0
1631,科学的画廊:图片里的科学史:key images in the history of science,(英) 约翰·D. 巴罗著,人民邮电出版社,0
1632,浪漫机器:拿破仑之后的乌托邦科学与技术,(美)约翰·特雷希著,中国科学技术出版社,0
1633,技术与文明,(美) 刘易斯·芒福德著,中国建筑工业出版社,0
1634,机器神话,(美) 刘易斯·芒福德著,上海三联书店,0
1635,科学史十五讲.第2版,江晓原主编,北京大学出版社,0
1636,于是一片光明:1543-1957人类科学探索四百年,汪有著,清华大学出版社,0
1637,科学技术史,主编胡晋源,贵州民族出版社,0
1638,克丽奥眼中的科学:科学编史学初论.第3版,刘兵著,商务印书馆,0
1639,科学史与科学哲学导论,(澳) 约翰·A.舒斯特著,上海科技教育出版社,0
1640,科技史与方法论,梁洪亮编著,北京邮电大学出版社,0
1641,科学简史:从亚里士多德到费曼,(德) 恩斯特·彼得·费舍尔著,浙江人民出版社,0
1642,机器的神话,(美) 刘易斯·芒福德著,中国建筑工业出版社,0
1643,中国科学与文明,姜生主编,山东大学出版社,0
1644,漫画半小时中国科技史,胖乐胖乐著绘,科学技术文献出版社,0
1645,中国古代重要科技发明创造,中国科学院自然科学史研究所编著,中国科学技术出版社,0
1646,天工开物,(明) 宋应星撰,人民出版社,0
1647,奇器天工,萧国鸿著,湖南科学技术出版社,0
1648,天工开物译注,(明) 宋应星著,上海古籍出版社,0
1649,考工记译注,闻人军译注,上海古籍出版社,0
1650,工开万物:17世纪中国的知识与技术:knowledge and technology in Seventeenth-century China,(德) 薛凤著,江苏人民出版社,0
1651,考工记译注.修订本,闻人军译注,上海古籍出版社,0
1652,中国科学技术史稿.修订版,杜石然 ... [等] 编著,北京大学出版社,0
1653,科学传统与文化:中国近代科学落后的原因,"中科院""自""杂志社编",陕西科技出版社,0
1654,中华科学文明史.第2版,李约瑟原著,上海人民出版社,0
1655,考工记图说,戴吾三编著,山东画报出版社,0
1656,《考工记》名物汇证,汪少华编著,上海教育出版社,0
1657,日本科技150年,(日) 山本义隆著,浙江人民出版社,0
1658,西方科学的起源,(美) 戴维·林德伯格著,湖南科学技术出版社,0
1659,科学革命与现代科学的起源, (英) 约翰·亨利著,北京大学出版社,0
1660,科学的终结:双语版,(美) 约翰·霍根著,清华大学出版社,0
1661,科学革命与现代科学的起源.第3版,(英) 约翰·亨利著,北京大学出版社,0
1662,技术与文明:我们的时代和未来,张笑宇主编,广西师范大学出版社,0
1663,美国技术简史:技术信念改变世界:a history of individuals and ideas,(美) 卡罗尔·普塞尔主编,中国科学技术出版社,0
1664,科学技术博物馆,(英) 斯特拉·V. F. 巴特勒著,北京师范大学出版社,0
1665,中国现代科技馆体系研究,主编程东红,中国科学技术出版社,0
1666,国家的科学:伦敦科学博物馆的历史透视:perspectives on the history of the Science Museum,(英)皮特·J. T.莫里斯主编,北京师范大学出版社,0
1667,欧洲自然史:生命如何创造、塑造和改造这片土地,(澳) 蒂姆·弗兰纳里著,海峡书局,0
1668,几何原本,(古希腊) 欧几里得原著,人民日报出版社,0
1669,黑石头的爱与恨:煤的故事,(美) 巴巴拉·弗里兹著,中信出版社,0
1670,伤寒贯珠集,(清)尤在泾编,上海科技出版社,0
1671,消化内科急危重症,主编梁名吉,中国协和医科大学出版社,0
1672,复合材料板壳力学解析理论,张承宗著,国防工业出版社,0
1673,医用X线机基础, An Chang Fu Zhu,黑龙江科学技术出版社,0
1674,图解三相电动机绕组嵌线·布线·接线,孙洋编,科学出版社,0
1675,现代交流电机的控制原理及DSP实现,马骏杰 ... [等] 编著,北京航空航天大学出版社,0
1676,VLSI设计基础.第2版,李伟华编著,电子工业出版社,0
1677,Visual Basic从入门到精通.第5版,明日科技编著,清华大学出版社,0
1678,笔试+上机试题分析解答.二级Visual Basic程序设计,缪春池 ... [等] 编著,西安电子科技大学出版社,0
1679,全国计算机等级考试要典.Visual Basic程序设计真题例解与仿真训练,黄明 ... [等] 编著,大连理工大学出版社,0
1680,21天学通Visual Basic.第5版,马军编著,电子工业出版社,0
1681,Visual Basic简明教程,主编马力,机械工业出版社,0
1682,全国计算机等级考试一本通.二级C++,全国计算机等级考试命题研究组编,化学工业出版社,0
1683,VC++项目开发实战密码,朱桂英编著,清华大学出版社,0
1684,C语言程序设计实践教程:基于VS2010环境,刘光蓉 ... [等] 编著,清华大学出版社,0
1685,C/C++代码调试的艺术,张海洋著,人民邮电出版社,0
1686,C++进阶心法,吕吕,北京航空航天大学出版社,0
1687,C++代码整洁之道:C++17可持续软件开发模式实践:sustainable software development patterns and best pr...,(德) 斯蒂芬·罗斯著,机械工业出版社,0
1688,深入体验VC++项目开发,管西京编著,清华大学出版社,0
1689,C++程序设计,(美) Y.Daniel Liang著,机械工业出版社,0
1690,分形算法与程序设计:Visual C++实现,孙博文编著,科学出版社,0
1691,Linux C编程一站式学习,北京亚嵌教育研究中心组编,电子工业出版社,0
1692,C++探秘:68讲贯通C++:the programmer's introduction to C++,(美) Ray Lischner著,人民邮电出版社,0
1693,Visual C# .NET技术内幕,(美) Mickey Williams著,清华大学出版社,0
1694,C和指针-第2版,(美) Kenneth A. Reek著,人民邮电出版社,0
1695,C Primer Plus (第6版) 中文版,(美) Stephen Prata著,人民邮电出版社,0
1696,C语言程序设计实例教程,卢守东编著,清华大学出版社,0
1697,像计算机科学家一样思考C++,(美) Allen B. Downey著,人民邮电出版社,0
1698,MFC经典问答:solutions for effective Visual C++ applications,Eugene Kain,中国电力出版社,0
1699,Visual C++ 6.0 MFC时尚编程百例,网冠科技编著,机械工业出版社,0
1700,Microsoft Visual C++ 6.0 MFC类库参考手册.1,(美) Microsoft 著,北京希望电脑公司,0
1701,MFC Windows应用程序设计,任哲等编著,清华大学出版社,0
1702,C++入门经典,(美) Walter Savitch著,清华大学出版社,0
1703,C++实验指导书,朱金付主编,清华大学出版社,0
1704,C++程序设计,朱金付主编,清华大学出版社,0
1705,深度探索C++对象模型,(美) Stanley B. Lippman著,电子工业出版社,0
1706,MFC Windows应用程序设计.第2版,任哲等编著,清华大学出版社,0
1707,全国计算机等级考试一本通.二级C,全国计算机等级考试命题研究组编,化学工业出版社,0
1708,C++程序设计基础教程,王学颖 ... [等] 编著,清华大学出版社,0
1709,C++程序设计案例实践教程,朱林主编,清华大学出版社,0
1710,Qt C++跨平台图形界面程序设计基础,殷立峰主编,清华大学出版社,0
1711,C++从入门到精通.第4版,明日科技编著,清华大学出版社,0
1712,C语言上机实训及习题解答,连卫民主编,电子工业出版社,0
1713,C++编程基础:标准库编程,(美) Steve Heller著,电子工业出版社,0
1714,Visual C++程序设计培训教程,卓越科技编著,电子工业出版社,0
1715,数据结构:C语言版.第2版,殷人昆编著,清华大学出版社,0
1716,C++语言程序设计教程,蒋光远 ... [等] 编著,清华大学出版社,0
1717,基于MOOC+SPOC平台的C语言混合式教学设计,任瑞仙著,中国铁道出版社有限公司,0
1718,C/C++程序设计.第2版,宋晓宇主编,机械工业出版社,0
1719,C++程序设计教程详解:过程化编程,钱能著,清华大学出版社,0
1720,最新C/C++函数与算法速查速用大辞典,陈锐 ... [等] 编著,中国铁道出版社,0
1721,面向对象的C++数据结构与算法实现,韩珂著,中国水利水电出版社,0
1722,C++图形与游戏编程基础,(美) Tony Gaddis著,清华大学出版社,0
1723,零基础入门学习C语言:带你学C带你飞:微课视频版,小甲鱼著,清华大学出版社,0
1724,C语言程序设计.第4版,谭浩强著,清华大学出版社,0
1725,C语言程序设计 (第4版) 学习辅导,谭浩强编著,清华大学出版社,0
1726,C#程序设计,主编崔舒宁,高等教育出版社,0
1727,C#从入门到精通.5版,明日科技编著,清华大学出版社,0
1728,C#面向对象程序设计:微课版,张浩然 ... [等] 编著,清华大学出版社,0
1729,C程序设计语言,(美) Brian W. Kernighan， Dennis M. Ritchie著,机械工业出版社,0
1730,C程序设计.第5版,谭浩强著,清华大学出版社,0
1731,C程序设计 (第五版) 学习辅导,谭浩强编著,清华大学出版社,0
1732,21天学通Visual C++.第3版,张志美等编著,电子工业出版社,0
1733,51单片机C语言学习之道:语法、函数、Keil工具及项目实战,孙鹏编著,清华大学出版社,0
1734,C语言程序设计实验与习题指导.第3版,颜晖，张泳主编,高等教育出版社,0
1735,VC++深入详解:基于Visual studio2017:畅销书升级版.第3版,孙鑫编著,电子工业出版社,0
1736,Effective C++:改善程序与设计的55个具体做法:55 specific ways to improve your programs and designs,(美) Scott Meyers著,电子工业出版社,0
1737,More Effective C++中文版:35个改善编程与设计的有效方法,(美) Scott Meyers著,电子工业出版社,0
1738,深入浅出MFC:使用 Visual C++ 5.0 & MFC 4.2:Using Visual C++ 5.0 & MFC 4.2.第2版,侯俊杰著,华中科技大学出版社,0
1739,全面掌握Microsoft Visual C++ 6.0MFC应用程序开发,(美) Microsoft Corporation著,清华大学出版社,0
1740,Visual C++从入门到精通.第4版,明日科技编著,清华大学出版社,0
1741,C++从入门到项目实践,聚慕课教育研发中心编著,清华大学出版社,0
1742,数据结构:基于C++模板类的实现,余腊生等编著,人民邮电出版社,0
1743,Visual C++范例开发大全,陈国建，杨国祥，唐清荣等编著,清华大学出版社,0
1744,Visual C++面向对象编程.第4版,王育坚编著,清华大学出版社,0
1745,C和C++代码精粹,(美) Chuck Allison著,人民邮电出版社,0
1746,Essential C++中文版,(美) Stanley B. Lippman著,电子工业出版社,0
1747,C#课程设计案例精编.第2版,杨恒主编,清华大学出版社,0
1748,全国计算机等级考试考纲·考点·考题透解与模拟:2010版.二级C语言,李胜编著,清华大学出版社,0
1749,全国计算机等级考试二级C语言培训教材,主编郭晓宇,东北大学出版社,0
1750,全国计算机等级考试笔试·上机一本通.二级C语言,全国计算机等级考试命题研究中心，未来教育教学与研究中心编著,人民邮电出版社,0
1751,计算机等级考试考点分析、题解与模拟.二级C++语言,殷建民主编,电子工业出版社,0
1752,Visual C++面向对象与可视化程序设计.第4版,黄维通，解辉编著,高等教育出版社,0
1753,C#程序设计基础入门教程,黑马程序员编著,人民邮电出版社,0
1754,C++从入门到精通,谭玉波主编,人民邮电出版社,0
1755,Visual C++开发实例大全:基础卷,软件开发技术联盟编著,清华大学出版社,0
1756,21天学通Visual C++.第4版,张昆编著,电子工业出版社,0
1757,C++ Primer Plus中文版,(美) Stephen Prata著,人民邮电出版社,0
1758,21天学通C++,(美) Siddhartha Rao著,人民邮电出版社,0
1759,C++ Primer Plus:中文版,(美) 史蒂芬·普拉达著,人民邮电出版社,0
1760,C++ Primer Plus (第6版) 中文版习题解答,(美) 史蒂芬·普拉达著,人民邮电出版社,0
1761,可视化程序设计Visual C++.第2版,杨喜林 ... [等] 主编,北京理工大学出版社,0
1762,Visual C++ 6.0 程序设计学与用教程,龙马工作室编著,机械工业出版社,0
1763,精通MFC,刘晓华等编著,电子工业出版社,0
1764,可视化程序设计Visual C++,杨喜林 ... [等] 主编,北京理工大学出版社,0
1765,C++语言程序设计应试辅导:二级,黄志雄等编著,清华大学出版社,0
1766,C++程序设计习题集和实验指导,闵联营，何克右主编,清华大学出版社,0
1767,C++入门经典,(美) Ivor Horton著,清华大学出版社,0
1768,Visual C++图形用户界面开发指南,李博轩...[等]编著,清华大学出版社,0
1769,Qt C++跨平台图形界面程序设计基础.第2版,殷立峰主编,清华大学出版社,0
1770,精通Visual C++ .NET 2003窗口程序设计,位元文化编著,清华大学出版社,0
1771,C++游戏编程入门教程,(美) Michael Dawson著,人民邮电出版社,0
1772,指针的编程艺术.第2版,蔡明志著,人民邮电出版社,0
1773,C++游戏编程:创建3D游戏:creating 3D games,(美) 桑贾伊·马达夫著,人民邮电出版社,0
1774,Visual C++网络编程案例实战,梁伟等编著,清华大学出版社,0
1775,C语言从入门到精通:案例视频版.彩色版,丁亚涛编著,中国水利水电出版社,0
1776,C++程序设计基础,陆勤编著,中国水利水电出版社,0
1777,Visual C++经典游戏程序设计,罗伟坚编著,人民邮电出版社,0
1778,Visual C++课程设计案例精编,严华峰等编著,中国水利水电出版社,0
1779,新标准C++程序设计,郭炜编著,高等教育出版社,0
1780,C++语言程序设计,李强编著,清华大学出版社,0
1781,C++程序设计实验指导与习题解答,主编李兰，刘天印,北京大学出版社,0
1782,C++面向对象程序设计教程,陈懿编著,冶金工业出版社,0
1783,C程序设计教程.第3版,谭浩强著,清华大学出版社,0
1784,C程序设计教程 (第3版) 学习辅导,谭浩强编著,清华大学出版社,0
1785,Visual C++常用数值算法集,何光渝编著,科学出版社,0
1786,C++面向对象程序设计,(美) Walter Savitch著,清华大学出版社,0
1787,C语言程序设计:基础理论与案例,吕凤翥等编著,清华大学出版社,0
1788,C++游戏与图形编程基础.第2版,Tony Gaddis著,清华大学出版社,0
1789,C++游戏开发,(美) David Conger等著,机械工业出版社,0
1790,数据结构:用C语言描述.第3版,耿国华主编,高等教育出版社,0
1791,实用有趣的C语言程序,杜树春编著,清华大学出版社,0
1792,Visual C++教程,金雪云编著,清华大学出版社,0
1793,Visual C++程序设计.第2版,王明福主编,高等教育出版社,0
1794,Visual C++ 6.0编程与实战,吴金平等编著,中国水利水电出版社,0
1795,C语言习题与解析,李春葆编著,清华大学出版社,0
1796,二级C语言上机考试试题与题解,周启海主编,清华大学出版社,0
1797,C++全方位学习:零起点范例教学,范磊编著,科学出版社,0
1798,嵌入式系统高级C语言编程,凌明编著,北京航空航天大学出版社,0
1799,C++程序设计解析,朱金付主编,清华大学出版社,0
1800,精通Visual C++实效编程280例,曲扬编著,人民邮电出版社,0
1801,C++程序设计语言:第4部分：标准库,(美) 本贾尼·斯特劳斯特鲁普著,机械工业出版社,0
1802,C++程序设计语言.第1-3部分,(美) 本贾尼·斯特劳斯特鲁普著,机械工业出版社,0
1803,C陷阱与缺陷,(美) 安德鲁·凯尼格著,人民邮电出版社,0
1804,零基础C++学习笔记,明日科技编著,电子工业出版社,0
1805,C++程序设计教程.第2版,黑马程序员编著,人民邮电出版社,0
1806,嵌入式C语言自我修养:从芯片、编译器到操作系统,王利涛编著,电子工业出版社,0
1807,C/C++常用算法手册.第4版,陈黎娟编著,中国铁道出版社有限公司,0
1808,面向算法设计的数据结构:C++语言版,谢勰编著,清华大学出版社,0
1809,新手学Visual C++ 30例,古槿编著,人民邮电出版社,0
1810,数据结构:C++版,吴灿铭编著,清华大学出版社,0
1811,C++程序设计习题与实验指导,宋岚 ... [等] 编著,北京邮电大学出版社,0
1812,C/C++数据结构与算法速学速用大辞典,陈锐 ... [等] 编著,中国铁道出版社,0
1813,Effective C++:中文版,(美) Scott Meyers著,电子工业出版社,0
1814,啊哈C语言！:逻辑的挑战.第2版,啊哈磊著,电子工业出版社,0
1815,C程序设计习题集与课程设计指导.第2版,吉顺如主编,电子工业出版社,0
1816,C与C++程序设计,主编戴波,北京大学出版社,0
1817,C#语言与数据库技术基础教程,李春葆 ... [等] 编著,清华大学出版社,0
1818,精通MFC程序设计,姚领田编著,人民邮电出版社,0
1819,Visual C++ 6.0程序设计从入门到精通,王正军编著,人民邮电出版社,0
1820,二级C++语言程序设计教程,高婷主编,中国水利水电出版社,0
1821,C程序设计(第四版)学习辅导,谭浩强编著,清华大学出版社,0
1822,C程序设计.第4版,谭浩强著,清华大学出版社,0
1823,Effective Modern C++:中文版,Scott Meyers著,中国电力出版社,0
1824,零起点学通C++:多媒体范例教学,范磊编著,科学出版社,0
1825,C++程序设计经典300例,侯晓琴编著,电子工业出版社,0
1826,C语言程序设计:现代方法:a modern approach.第2版,(美) K. N. 金著,人民邮电出版社,0
1827,C语言程序设计:现代方法:a modern approach,(美) K. N. King著,人民邮电出版社,0
1828,C++面向对象程序设计实践教程,李长荣主编,清华大学出版社,0
1829,21天学通C#.第2版,秦婧等编著,电子工业出版社,0
1830,C++入门经典,(美) Walter Savitch著,清华大学出版社,0
1831,数据结构:C语言版.第3版,殷人昆编著,清华大学出版社,0
1832,C Primer Plus (第6版) 中文版习题解答,(美)史蒂芬·普拉达(Stephen Prata)著,人民邮电出版社,0
1833,C++面向对象程序设计题解与上机指导.第2版,谭浩强编著,清华大学出版社,0
1834,C++面向对象程序设计.第3版,谭浩强编著,清华大学出版社,0
1835,高级语言程序设计:从C到C++.第2版,主编王兆晖,西安电子科技大学出版社,0
1836,Visual C++ MFC棋牌类游戏编程实例,葛垚主编,人民邮电出版社,0
1837,C++语言习题与解析,李春葆编著,清华大学出版社,0
1838,C和C++基础教程与题解,(美) Timothy S. Ramteke著,清华大学出版社,0
1839,Visual C++程序设计习题、实验与编程实践,刘维富 ... [等] 编著,华东理工大学出版社,0
1840,面向算法设计的数据结构:C++语言版.第2版,谢勰编著,清华大学出版社,0
1841,C++从入门到精通.第5版,明日科技编著,清华大学出版社,0
1842,从零开始学C++,明日科技编著,化学工业出版社,0
1843,C程序设计(二级)辅导,周海燕 ... [等] 编著,清华大学出版社,0
1844,VC++就业培训宝典之MFC视频教程,吕鑫编,机械工业出版社,0
1845,C++程序设计简明教程实验指导与习题解答,王晓东主编,中国水利水电出版社,0
1846,基于Visual C++的MFC编程,仇谷峰主编,清华大学出版社,0
1847,C++程序设计教程:通用版.第3版,钱能著,清华大学出版社,0
1848,C++程序设计教程:竞技版:微课视频版.第3版,钱能著,清华大学出版社,0
1849,C++程序设计从入门到精通,雍俊海编著,清华大学出版社,0
1850,C/C++程序设计:计算思维的运用与训练,主编齐苏敏,北京理工大学出版社,0
1851,C++面向对象程序设计基础入门与实战:微课版,文杰书院编著,清华大学出版社,0
1852,C++程序设计实验与实训指导.第2版,罗烨，李秉璋主编,大连理工大学出版社,0
1853,通俗易懂C++,鲍钰编著,华东师范大学出版社,0
1854,新编C语言程序设计教程.第3版,主编林碧英,中国电力出版社,0
1855,C++程序设计基础教程,孙涛主编,清华大学出版社,0
1856,C++语言程序设计上机实验及学习指导.第2版,王珊珊 ... [等] 编著,南京大学出版社,0
1857,C/C++与数据结构.第5版,王立柱主编,清华大学出版社,0
1858,Easy C++,(日) 高桥麻奈著,中国水利水电出版社,0
1859,明解C++,(日) 柴田望洋著,人民邮电出版社,0
1860,Visual C++游戏开发经典案例详解,王浩等编著,清华大学出版社,0
1861,程序设计基础:C语言.第3版,高克宁 ... [等] 编著,清华大学出版社,0
1862,MFC Windows应用程序设计.第3版,任哲等编著,清华大学出版社,0
1863,C#从入门到精通.第7版,明日科技编著,清华大学出版社,0
1864,C++开发实战,软件开发技术联盟编著,清华大学出版社,0
1865,C++程序设计案例教程,杨平编著,科学出版社,0
1866,Visual C++/CLI从入门到精通,Julian Templeman著,清华大学出版社,0
1867,C++从零开始学:视频教学版.第2版,王英英编著,清华大学出版社,0
1868,Visual C#从入门到精通,John Sharp著,清华大学出版社,0
1869,C++项目开发全程实录.第2版,明日科技编著,清华大学出版社,0
1870,C++服务器开发精髓,张远龙著,电子工业出版社,0
1871,Visual C# 2019程序设计从零开始学,李馨编著,清华大学出版社,0
1872,C陷阱与缺陷.第2版,(美) Andrew Koenig著,人民邮电出版社,0
1873,SGI STL源码剖析:向专家学习型别技术、内存管理、算法、数据结构、STL各类组件之高阶实现技巧,侯捷,华中科技大学出版社,0
1874,C++程序设计,朱金付主编,清华大学出版社,0
1875,C++并发编程实战.第2版,(英) 安东尼·威廉姆斯著,人民邮电出版社,0
1876,现代C++编程:从入门到实践:a fast-paced introduction,(美) 乔什·洛斯皮诺索著,机械工业出版社,0
1877,C++ Core Guidelines解析,(德) 赖纳·格林著,清华大学出版社,0
1878,C/C++与数据结构,王立柱编著,清华大学出版社,0
1879,看漫画学C++:有趣、有料、好玩、好用:全彩入门版,关东升著,电子工业出版社,0
1880,C++程序开发实用教程.第2版,聂世方编著,清华大学出版社,0
1881,Visual C++实用教程.第6版,郑阿奇主编,电子工业出版社,0
1882,C++面向对象程序设计.第2版,谭浩强编著,清华大学出版社,0
1883,C/C++语言程序设计案例教程,罗建军主编,清华大学出版社,0
1884,易学C++.第2版,潘嘉杰主编,人民邮电出版社,0
1885,C++程序设计实践指导,谭浩强主编,清华大学出版社,0
1886,C程序设计教程学习辅导,谭浩强编著,清华大学出版社,0
1887,C语言课程设计案例精编.第2版,吴启武 ... [等] 编著,清华大学出版社,0
1888,嵌入式C语言实战教程,李令伟 ... [等] 编著,电子工业出版社,0
1889,C程序设计教程,谭浩强著,清华大学出版社,0
1890,我的第一本C++书,陈良乔著,华中科技大学出版社,0
1891,C++语言程序设计.第4版,吕凤翥编著,电子工业出版社,0
1892,从零开始学C++程序设计,吴惠茹等编著,机械工业出版社,0
1893,Visual C++编程与项目开发,李英编著,华东理工大学出版社,0
1894,C++标准库:a tutorial and reference,(美) Nicolai M. Josuttis著,电子工业出版社,0
1895,C++11/14高级编程:Boost程序库探秘.第3版,罗剑锋著,清华大学出版社,0
1896,Boost程序库完全开发指南:深入C++“准”标准库.第5版,罗剑锋著,电子工业出版社,0
1897,C++语言的设计与演化,(美) Bjarne Stroustrup编著,科学出版社,0
1898,C#入门经典,(美) Karli Watson ... [等] 著,清华大学出版社,0
1899,C语言入门经典,(美) Ivor Horton著,清华大学出版社,0
1900,Visual C/C++图形图像与游戏编程典型实例解析,《电脑编程技巧与维护》杂志社编著,中国水利水电出版社,0
1901,C语言程序设计,杨开城编著,北京师范大学出版社,0
1902,21天学通C语言.第5版,刘蕾编著,电子工业出版社,0
1903,C嵌入式编程设计模式:an embedded software engineering toolkit,(美) Bruce Powel Douglass著,机械工业出版社,0
1904,C程序设计,雍俊海编著,清华大学出版社,0
1905,FORTRAN完全自学手册,陈科等编著,机械工业出版社,0
1906,Fortran 95/2003程序设计,(美) Stephen J.Chapman著,中国电力出版社,0
1907,HTML+CSS+JavaScript网页制作从入门到精通.第4版,宋丽娜 ... [等] 著,人民邮电出版社,0
1908,Web前端开发精品课:HTML与CSS进阶教程,莫振杰编著,人民邮电出版社,0
1909,Web前端开发精品课:HTML与CSS基础教程,莫振杰编著,人民邮电出版社,0
1910,从0到1:HTML+CSS+JavaScript快速上手:微视频版,莫振杰著,人民邮电出版社,0
1911,HTML5与CSS网页设计基础,(美) 特丽·费尔克-莫里斯著,清华大学出版社,0
1912,HTML5网页设计经典,(美) 特丽·安·费尔克-莫里斯著,清华大学出版社,0
1913,HTML CSS JavaScript网页制作全能一本通,刘贵国编著,清华大学出版社,0
1914,HTML+CSS网页设计与布局课堂实录,张忠琼编著,清华大学出版社,0
1915,疯狂HTML 5+CSS 3+JavaScript讲义.第2版,李刚编著,电子工业出版社,0
1916,Java基础入门,传智播客高教产品研发部编著,清华大学出版社,0
1917,疯狂Java讲义精粹,李刚编著,电子工业出版社,0
1918,疯狂Java:突破程序员基本功的16课,李刚编著,人民邮电出版社,0
1919,Java核心技术,编著周忠宝 ... [等],湖南大学出版社,0
1920,Java语言GUI程序设计,赵满来编著,清华大学出版社,0
1921,JavaScript高效程序设计:写给Web编程初学者的入门指导书！,(美) 基鲁帕·金纳坦比著,中国青年出版社,0
1922,Clojure Web开发实战,(美) Dmitri Sotnikov著,人民邮电出版社,0
1923,Clojure高级编程,(美) Jeremy Anderson ... [等] 著,清华大学出版社,0
1924,Node.js开发实战详解,黄丹华等编著,清华大学出版社,0
1925,Spring MVC+MyBatis开发从入门到项目实践:超值版,聚慕课教育研发中心编著,清华大学出版社,0
1926,Spring Boot 2+Thymeleaf企业应用实战,杨恩雄编著,电子工业出版社,0
1927,Spring Boot开发实战:微课视频版,吴胜编著,清华大学出版社,0
1928,Spring Boot从入门到实战:微课视频版,陈恒主编,清华大学出版社,0
1929,Java项目开发全程实录.第4版,明日科技编著,清华大学出版社,0
1930,Spring Boot应用开发实战,饶仕琪著,清华大学出版社,0
1931,图解Java多线程设计模式,(日) 结城浩著,人民邮电出版社,0
1932,RabbitMQ实战指南,朱忠华著,电子工业出版社,0
1933,Java面向对象编程.第2版,孙卫琴编著,电子工业出版社,0
1934,实战Java虚拟机:JVM故障诊断与性能优化.第2版,葛一鸣著,电子工业出版社,0
1935,Spring揭秘,王福强著,人民邮电出版社,0
1936,Java并发实现原理:JDK源码剖析,余春龙著,电子工业出版社,0
1937,Java高并发编程详解:多线程与架构设计:multithreading and architecture,汪文君编著,机械工业出版社,0
1938,Java函数式编程,(法) Pierre-Yves Saumont著,电子工业出版社,0
1939,Spring高级程序设计,(英) Jan Machacek ... [等] 著,人民邮电出版社,0
1940,JavaScript设计模式与开发实践,曾探著,人民邮电出版社,0
1941,Java并发编程深度解析与实战,谭锋著,电子工业出版社,0
1942,JavaScript学习指南,(美) Ethan Brown著,人民邮电出版社,0
1943,重学Java设计模式,付政委 (小傅哥)著,电子工业出版社,0
1944,Tomcat内核设计剖析,汪建著,人民邮电出版社,0
1945,深入浅出Spring Boot 2.x,杨开振著,人民邮电出版社,0
1946,JavaScript权威指南,David Flanagan著,机械工业出版社,0
1947,Spring MVC+MyBatis快速开发与项目实战,黄文毅著,清华大学出版社,0
1948,JavaScript ES6函数式编程入门经典,(印) Anto Aravinth著,清华大学出版社,0
1949,JavaScript函数式编程指南,(美) 路易斯·阿泰西奥,人民邮电出版社,0
1950,Java Web实操:基于IntelliJ IDEA、JDBC、Servlet、Ajax、Nexus、Maven,高洪岩编著,电子工业出版社,0
1951,Java网络编程核心技术详解,孙卫琴编著,电子工业出版社,0
1952,Java Web高级编程:涵盖WebSockets、Spring Framework、JPA Hibernate和Spring Security,(美) Nicholas S. Williams著,清华大学出版社,0
1953,Spring Boot企业级应用开发实战,柳伟卫著,北京大学出版社,0
1954,图解Java并发编程,汪建著,人民邮电出版社,0
1955,Java网络编程,Elliotte Rusty Harold著,中国电力出版社,0
1956,Java并发编程实战,(美) Brian goetz ... [等] 著,机械工业出版社,0
1957,Java特种兵,谢宇编著,电子工业出版社,0
1958,Web轻量级框架Spring+Spring MVC+MyBatis整合开发实战.第2版,黄文毅编著,清华大学出版社,0
1959,Java多线程与Socket:实战微服务框架,庞永华著,电子工业出版社,0
1960,Spring源码深度解析.第2版,郝佳编著,人民邮电出版社,0
1961,Spring 5设计模式,(英) Dinesh Rajput著,中国水利水电出版社,0
1962,Spring MVC+MyBatis开发从入门到项目实战,朱要光编著,电子工业出版社,0
1963,Spring Boot+Vue全栈开发实战,王松著,清华大学出版社,0
1964,Java EE互联网轻量级框架整合开发:SSM框架 (Spring MVC+Spring+MyBatis) 和Redis实现,杨开振 ... [等] 著,电子工业出版社,0
1965,Java设计模式,刘伟编著,清华大学出版社,0
1966,Spring MVC学习指南,(美) Paul Deck著,人民邮电出版社,0
1967,Spring实战,(美) 克雷格·沃斯著,人民邮电出版社,0
1968,图解设计模式,(日) 结城浩著,人民邮电出版社,0
1969,Spring Boot微服务实战:使用RabbitMQ、Eureka、Ribbon、Zuul和Cucumber开发RESTful服务,(美) 莫伊塞斯·马塞罗著,清华大学出版社,0
1970,一步一步学Spring Boot 2:微服务项目实战,黄文毅著,清华大学出版社,0
1971,Tomcat架构解析,刘光瑞著,人民邮电出版社,0
1972,深入理解Java虚拟机:JVM高级特性与最佳实践:advanced features and best practices.第2版,周志明著,机械工业出版社,0
1973,实战Java高并发程序设计.第2版,葛一鸣著,电子工业出版社,0
1974,jQuery与JavaScript入门经典,(美) Brad Dayley著,人民邮电出版社,0
1975,设计模式就该这样学:基于经典框架源码和真实业务场景,谭勇德著,电子工业出版社,0
1976,Spring与Spring Boot实战,丁振凡编著,中国水利水电出版社,0
1977,Java JDK 9学习笔记,林信良编著,清华大学出版社,0
1978,Spring技术内幕:深入解析Spring架构与设计原理,计文柯著,机械工业出版社,0
1979,深入分析Java Web技术内幕,许令波著,电子工业出版社,0
1980,Java JDK 8学习笔记,林信良著,清华大学出版社,0
1981,虚拟机设计与实现:以JVM为例,李晓峰著,人民邮电出版社,0
1982,Java编程的逻辑,马俊昌著,机械工业出版社,0
1983,Spring Boot+Spring Cloud+Vue+Element项目实战:手把手教你开发权限管理系统,徐丽健著,清华大学出版社,0
1984,了不起的Node.js:将JavaScript进行到底:JavaScript everywhere,Guillermo Rauch著,电子工业出版社,0
1985,Java程序员面试指南,张昆等编著,电子工业出版社,0
1986,Java工程师修炼之道,杭建著,电子工业出版社,0
1987,MyBatis从入门到精通,刘增辉著,电子工业出版社,0
1988,Java机器学习,(斯洛文尼亚) Bostjan Kaluza著,人民邮电出版社,0
1989,好好学Java:从零基础到项目实战,欧阳燊著,清华大学出版社,0
1990,jQuery从入门到精通,明日科技编著,清华大学出版社,0
1991,Java EE应用开发案例教程,卢守东编著,清华大学出版社,0
1992,图解数据结构:使用Java,胡昭民编著,清华大学出版社,0
1993,Java基础案例教程,黑马程序员编著,人民邮电出版社,0
1994,Node与Express开发,(美) 伊桑·布朗著,人民邮电出版社,0
1995,Vue+Spring Boot前后端分离开发实战,贾志杰编著,清华大学出版社,0
1996,Java开发实战,软件开发技术联盟编著,清华大学出版社,0
1997,Java语言程序设计.基础篇,(美) Y. Daniel Liang著,机械工业出版社,0
1998,新手学JavaFX,(美) J. F. DiMarzio著,清华大学出版社,0
1999,Three.js开发指南:基于WebGL和HTML5在网页上渲染3D图形和动画:programming 3D animations and visualiza...,(美) 乔斯·德克森著,机械工业出版社,0
2000,jQuery开发技术详解,季国飞编著,电子工业出版社,0
2001,JavaEE开发的颠覆者:Spring Boot实战,汪云飞编著,电子工业出版社,0
2002,21天学通Java,(美) 罗格斯·卡登海德著,人民邮电出版社,0
2003,Java入门经典,(美) Rogers Cadenhead著,人民邮电出版社,0
2004,Java图像编程实例库,(美) Oswald Campesato著,电子工业出版社,0
2005,Java Swing,Marc Loy ... [等] 著,清华大学出版社,0
2006,Java从入门到精通,张玉宏编著,人民邮电出版社,0
2007,Java从入门到精通.第5版,明日科技编著,清华大学出版社,0
2008,Java 7程序设计,(加) Budi Kurniawan著,机械工业出版社,0
2009,Java从入门到精通:微视频精编版,明日科技编著,清华大学出版社,0
2010,JavaScript百炼成仙,杨逸飞编著,清华大学出版社,0
2011,Java 8编程入门官方教程,(美) Herbert Schildt著,清华大学出版社,0
2012,疯狂Java讲义.第5版,李刚编著,电子工业出版社,0
2013,深入理解Java虚拟机:JVM高级特性与最佳实践:advanced features and best practices.第3版,周志明著,机械工业出版社,0
2014,深入理解JVM&G1 GC,周明耀著,电子工业出版社,0
2015,Java微服务架构实战:SpringBoot+SpringCloud+Docker+RabbitMQ,李兴华编著,清华大学出版社,0
2016,Java微服务实战,赵计刚著,电子工业出版社,0
2017,Servlet/JSP深入详解:基于Tomcat的Web开发:畅销书升级版,孙鑫编著,电子工业出版社,0
2018,深入理解Spring MVC源代码:从原理分析到实战应用,王耀编著,中国水利水电出版社,0
2019,Java多线程编程核心技术.第2版,高洪岩著,机械工业出版社,0
2020,MyBatis 3源码深度解析,江荣波著,清华大学出版社,0
2021,Effective Java.中文版,(美) 约书亚·布洛克著,机械工业出版社,0
2022,深入浅出:Java虚拟机设计与实现,华保健著,机械工业出版社,0
2023,Tomcat与Java Web开发技术详解.第3版,孙卫琴编,电子工业出版社,0
2024,分布式消息中间件实践,倪炜著,电子工业出版社,0
2025,Spring Cloud Alibaba微服务原理与实战,谭锋著,电子工业出版社,0
2026,Java程序设计基础与实践,赵凤芝 ... [等] 编著,清华大学出版社,0
2027,Java高手真经:Java核心编程技术 (Java基础+核心库+图形+网络+高级特性).编程基础卷,刘中兵Java研究室编著,电子工业出版社,0
2028,Java程序设计基础.第7版,陈国君主编,清华大学出版社,0
2029,Java网络编程实战,李建英编著,机械工业出版社,0
2030,Java程序设计基础.第5版,陈国君主编,清华大学出版社,0
2031,D3.js数据可视化实战手册,(加) Nick Qi Zhu著,人民邮电出版社,0
2032,零基础学Java程序设计,祝明慧编著,电子工业出版社,0
2033,Java开发实战经典.第2版,李兴华编著,清华大学出版社,0
2034,Java程序员面试笔试通关宝典,聚慕课教育研发中心编著,清华大学出版社,0
2035,Java从入门到精通,孔祥月编著,中国商业出版社,0
2036,深入理解Java高并发编程,黄俊著,清华大学出版社,0
2037,Beginning Java Objects中文版:从概念到代码,(美) Jacquie Barker著,人民邮电出版社,0
2038,实战Java高并发程序设计.第3版,葛一鸣著,电子工业出版社,0
2039,TypeScript+React Web应用开发实战,王金柱编著,电子工业出版社,0
2040,TypeScript全栈开发,赵卓著,人民邮电出版社,0
2041,Kotlin核心编程,水滴技术团队著,机械工业出版社,0
2042,Java语言程序设计.第4版,郎波编著,清华大学出版社,0
2043,Java编程思想,(美)Bruce Eckel著,机械工业出版社,0
2044,薛小小学Java,(德) 菲利普·阿克曼著,人民邮电出版社,0
2045,疯狂Java讲义.第4版,李刚编著,电子工业出版社,0
2046,Java程序设计概念:对象先行:early objects,(美) 凯·霍斯特曼著,机械工业出版社,0
2047,明解Java,(日) 柴田望洋著,人民邮电出版社,0
2048,Spring Boot 2企业应用实战,疯狂软件编著,电子工业出版社,0
2049,轻量级Java EE企业应用实战:Struts 2+Spring 4+Hibernate整合开发.第5版,李刚编著,电子工业出版社,0
2050,Java编程思想,(美) Bruce Eckel著,机械工业出版社,0
2051,轻量级Java Web企业应用实战:Spring MVC+Spring+MyBatis整合开发,李刚编著,电子工业出版社,0
2052,Spring Boot 2实战之旅,杨洋著,清华大学出版社,0
2053,Java语言程序设计,王全新主编,北京邮电大学出版社,0
2054,精通Spring:Java Web开发与Spring Boot高级功能,(印) 兰加·拉奥·卡拉南著,人民邮电出版社,0
2055,Three.js开发指南:WebGL的JavaScript 3D库:the JavaScript 3D library for WebGL,(美) 乔斯·德克森著,机械工业出版社,0
2056,Three.js开发指南,(美) Jos Dirksen著,机械工业出版社,0
2057,Julia编程基础,郝林著,人民邮电出版社,0
2058,Julia高性能科学计算,(韩) 权昌贤著,电子工业出版社,0
2059,MATLAB高效编程技巧与应用:25个案例分析,吴鹏编著,北京航空航天大学出版社,0
2060,MATLAB科学计算,温正编著,清华大学出版社,0
2061,MATLAB基础及其应用教程.第2版,尚涛编著,电子工业出版社,0
2062,MATLAB编程和工程应用,(美) 威廉·帕尔姆著,清华大学出版社,0
2063,Simulink仿真及代码生成技术入门到精通,孙忠潇编著,北京航空航天大学出版社,0
2064,MATLAB语言编程,马寨璞编著,电子工业出版社,0
2065,MATLAB函数速查手册,邓薇编著,人民邮电出版社,0
2066,MATLAB程序设计教程.第3版,主编刘卫国,中国水利水电出版社,0
2067,精通Matlab与C/C++混合程序设计-第2版,刘维编著,北京航空航天大学出版社,0
2068,MATLAB从入门到精通.第3版,周建兴 ... 等编著,人民邮电出版社,0
2069,MATLAB基础与编程入门.第3版,张威编,西安电子科技大学出版社,0
2070,MATLAB程序设计教程,刘卫国主编,中国水利水电出版社,0
2071,MATLAB函数速查手册.第2版,邓薇编著,人民邮电出版社,0
2072,MATLAB程序设计与典型应用,张德丰编著,电子工业出版社,0
2073,MATLAB实用教程,(美) Holly Moore著,电子工业出版社,0
2074,精通MATLAB R2014a,丁伟编著,清华大学出版社,0
2075,MATLAB函数速查手册,李玉莉等编著,化学工业出版社,0
2076,MATLAB从基础到精通,王薇编著,电子工业出版社,0
2077,MATLAB从入门到精通.第2版,周建兴 ... 等编著,人民邮电出版社,0
2078,MATLAB计算方法,王小玉主编,清华大学出版社,0
2079,MATLAB通信系统建模与仿真.第2版,邓奋发编著,清华大学出版社,0
2080,MATLAB 7.0程序设计快速入门,岂兴明 ... [等] 编著,人民邮电出版社,0
2081,MATLAB函数及应用,张德丰编著,清华大学出版社,0
2082,MATLAB N个实用技巧:MATLAB中文论坛精华总结,刘焕进 ... [等] 编著,北京航空航天大学出版社,0
2083,MATLAB完全自学手册,张志美等编著,电子工业出版社,0
2084,MATLAB函数全能速查宝典,邓薇编著,人民邮电出版社,0
2085,MATLAB科学计算.第2版,温正编著,清华大学出版社,0
2086,MATLAB基础及应用.第3版,主编张学敏,中国电力出版社,0
2087,MATLAB之父:编程实践.第2版,(美) Cleve Moler著,北京航空航天大学出版社,0
2088,中文版MATLAB 2020从入门到精通,天工在线编著,中国水利水电出版社,0
2089,MATLAB程序设计与实战:微课视频版,汤全武主编,清华大学出版社,0
2090,MATLAB智能算法.第2版,温正编著,清华大学出版社,0
2091,MATLAB程序设计导论,(美) 尤金尼·E. 米哈伊洛夫著,机械工业出版社,0
2092,MATLAB程序设计基础及应用,赵淑红编著,西安电子科技大学出版社,0
2093,MATLAB应用全解,付文利编著,清华大学出版社,0
2094,Simulink仿真及代码生成技术入门到精通.第2版,孙忠潇编著,北京航空航天大学出版社,0
2095,MATLAB从零到进阶,谢中华 ... [等] 编著,北京航空航天大学出版社,0
2096,MATLAB基础与实例教程,闻新 ... [等] 编著,国防工业出版社,0
2097,MATLAB编程与工程应用.第2版,(美) Stormy Attaway著,电子工业出版社,0
2098,精通MATLAB 6.5版,张志涌等编著,北京航空航天大学出版,0
2099,MATLAB与科学计算教程,王沫然编著,电子工业出版社,0
2100,精通MATLAB科学计算,温正编著,清华大学出版社,0
2101,了不起的Markdown,毕小朋著,电子工业出版社,0
2102,点云库PCL学习教程,主编朱德海,北京航空航天大学出版社,0
2103,PHP & MySQL实战手册,Brett McLaughlin著,中国电力出版社,0
2104,PHP从零基础到项目实战:微客视频版,未来科技编著,中国水利水电出版社,0
2105,Python核心编程,(美) 陈仲才著,机械工业出版社,0
2106,Python密码学编程,(美) 阿尔·斯维加特著,人民邮电出版社,0
2107,Python源码剖析:深度索动态语言核心技术,陈儒著,电子工业出版社,0
2108,Python学习手册,Mark Lutz著,机械工业出版社,0
2109,Python数据挖掘:入门、进阶与实用案例分析,卢滔 ... [等] 著,机械工业出版社,0
2110,深入学习：Python程序开发,(美)Andre Lessa著,电子工业出版社,0
2111,Python数据分析与应用,周元哲编著,西安电子科技大学出版社,0
2112,趣学Python:教孩子学编程.全彩印刷,(美) Jason R. Briggs著,人民邮电出版社,0
2113,Python程序设计从零开始学,李馨著,清华大学出版社,0
2114,Python机器学习实例及代码分析:识别·预测·异常检测,(日) 福井健一著,中国水利水电出版社,0
2115,数据分析基础:基于Python的实现,主编贾俊平,中国人民大学出版社,0
2116,Python程序设计:基于计算思维和新文科建设,胡凤国著,电子工业出版社,0
2117,Python程序设计、仿真与数据可视化基础,平安编著,经济科学出版社,0
2118,Python编程基础与应用,汪治华 ... [等] 编著,清华大学出版社,0
2119,Python统计机器学习,(日) 金森敬文著,中国水利水电出版社,0
2120,滚雪球学Python,王德朕著,电子工业出版社,0
2121,Python高效编程:基于Rust语言,(美) 麦克斯韦尔·弗立顿著,清华大学出版社,0
2122,Python网络数据采集,(美) Ryan Mitchell著,人民邮电出版社,0
2123,R语言之书:编程与统计,(新西兰) 蒂尔曼·M. 戴维斯著,人民邮电出版社,0
2124,R语言:实用数据分析和可视化技术:advanced analytics and graphics,(美) 贾里德·P. 兰德著,机械工业出版社,0
2125,R语言基础与数据科学应用,沈刚主编,人民邮电出版社,0
2126,R语言数据分析从入门到实战,李仁钟著,清华大学出版社,0
2127,R语言数据分析与挖掘实战手册,程静编著,中国铁道出版社有限公司,0
2128,基于R语言的机器学习,Scott V. Burger著,中国电力出版社,0
2129,Rust项目开发实战,(美) 卡洛·米兰内西著,清华大学出版社,0
2130,Rust实战,(新西兰) 蒂姆·麦克纳马拉著,人民邮电出版社,0
2131,Rust系统编程,(印) 普拉布·艾什沃拉著,清华大学出版社,0
2132,基于VHDL语言的微机接口电路设计,赵世霞，谭耀麟编著,清华大学出版社,0
2133,VHDL编程实例,(美) Douglas L. Perry著,电子工业出版社,0
2134,Verilog HDL数字设计与综合:(第二版) (本科教学版):Verilog HDL : a guide to digital design and synth...,(美) Samir Palnitkar著,电子工业出版社,0
2135,Verilog HDL入门,(美) J. Bhasker著,北京航空航天大学出版社,0
2136,精通Verilog HDL语言编程,刘波编著,电子工业出版社,0
2137,FPGA电子系统设计项目实战:VHDL语言:VHDL language.第2版,王振红编著,清华大学出版社,0
2138,FPGA电子系统设计项目实战 (VHDL语言),王振红编著,清华大学出版社,0
2139,Verilog编程艺术,魏家明编著,电子工业出版社,0
2140,Verilog HDL与数字系统设计简明教程,吴戈编著,人民邮电出版社,0
2141,Verilog高级数字系统设计技术与实例分析,(美) Kishore Mishra著,电子工业出版社,0
2142,FPGA那些事儿:Verilog HDL建模设计,杨开陵 ... [等] 编著,北京航空航天大学出版社,0
2143,Verilog HDL设计与实战,刘福奇编著,北京航空航天大学出版社,0
2144,Verilog HDL数字系统设计入门与应用实例,王忠礼主编,清华大学出版社,0
2145,Verilog HDL数字设计教程,贺敬凯编著,西安电子科技大学出版社,0
2146,Verilog数字系统设计与FPGA应用:MOOC版.第2版,赵倩 ... [等] 编著,清华大学出版社,0
2147,从算法设计到硬线逻辑的实现:实验练习与Verilog语法手册,夏宇闻编著,高等教育出版社,0
2148,VHDL数字系统设计,(美) Marl Zwolinski著,电子工业出版社,0
2149,VHDL入门·解惑·经典实例·经验总结,黄任编著,北京航空航天大学出版社,0
2150,轻松成为设计高手:Verilog HDL实用精解,EDA先锋工作室编著,北京航空航天大学出版社,0
2151,量子计算编程实战:基于IBM QX量子计算平台,(美) 克里斯丁·科比特·莫兰著,清华大学出版社,0
2152,纺织品中的纳米科学与技术,郑兆柱编著,中国纺织出版社有限公司,0
2153,不生不熟:发酵食物的文明史,(法) 玛丽－克莱尔·弗雷德里克著,生活·读书·新知三联书店,0
2154,“食”话实说:谣言止于智者,赵力超主编,华南理工大学出版社,0
2155,面粉·水·盐·酵母:手工制作面包和比萨的基础,(美) 肯·福克斯著,北京科学技术出版社,0
2156,糖的故事,(英) 詹姆斯·沃尔韦恩著,中信出版集团,0
2157,关于巧克力的一切,(日) 芜木祐介著,中信出版集团,0
2158,巧克力简史,燕巧工坊著,清华大学出版社,0
2159,酒与酒文化,徐兴海主编,中国轻工业出版社,0
2160,葡萄酒战争,(美) 麦克·维塞斯著,山东画报出版社,0
2161,酒水知识与文化,马特编著,清华大学出版社,0
2162,葡萄酒的第一堂课:从葡萄到美酒,(美) 丹·阿麦都兹著,东南大学出版社,0
2163,洋酒品鉴大全,日本成美堂出版编辑部编著,中国民族摄影艺术出版社,0
2164,威士忌品鉴大全,(日) 潘波若编著,中国民族摄影艺术出版社,0
2165,金酒,(英) 戴夫·布鲁姆著,华中科技大学出版社,0
2166,不一样的饮品:茶饮 调酒 咖啡 蔬果汁,花祥育编著,中国轻工业出版社,0
2167,上帝之饮:六个瓶子里的历史,(美) 汤姆·斯丹迪奇著,中信出版集团股份有限公司,0
2168,24节气花草茶,单威编著,中国纺织出版社,0
2169,中国名茶图典,中国茶叶博物馆编著,浙江摄影出版社,0
2170,四季养生花草茶精选,张晔主编,龙门书局,0
2171,私享红茶,于川编著,百花文艺出版社,0
2172,你不懂咖啡,(日) 石胁智广著,江苏凤凰文艺出版社,0
2173,烘一杯好咖啡:咖啡大叔严选50间自家烘焙咖啡馆的美味配方,咖啡大叔 (许吉东) 著,江苏凤凰科学技术出版社,0
2174,读了本书可能会上瘾:图解咖啡的奇趣之旅,(日)岩田亮子著,北京联合出版公司,0
2175,这才是咖啡:一颗咖啡豆的进化史,(意) 白星出版社主编,中国摄影出版社,0
2176,品咖啡,北京大陆桥文化传媒编著,中国青年出版社,0
2177,3分钟爱上咖啡,咖啡精品生活编著,江苏凤凰科学技术出版社,0
2178,画说木课:木作设计图解教程,陈玲江编著,北京大学出版社,0
2179,传统家具榫卯结构研究,薛坤著,中国林业出版社,0
2180,家具设计基础,徐望霓编著,上海人民美术出版社,0
2181,明清竹家具的设计美学,林峰著,化学工业出版社,0
2182,卫星展全纪录,(马来西亚) 甄健恒著,中信出版社,0
2183,家具结构设计,孙德林主编,中国轻工业出版社,0
2184,家具设计.第2版,许柏鸣著,中国轻工业出版社,0
2185,设计的因缘:中国家具设计的民族性研究:on the national characteristics of Chinese furniture design,胡俊红著,合肥工业大学出版社,0
2186,家具设计.第2版,编著范蓓,中国水利水电出版社,0
2187,设计米兰:2010米兰国际家具展·米兰设计周设计集锦,内元素文化传播公司,江苏美术出版社,0
2188,时尚家具:米兰Style:Milan style,沃特·杰森编,江苏凤凰科学技术出版社,0
2189,家具设计,王逢瑚主编,科学出版社,0
2190,家居产品环保设计创意1000例,(英) Rebecca Proctor著,人民邮电出版社,0
2191,木工模型制作与解析:凳类,王天龙 ... [等] 编著,中国林业出版社,0
2192,为坐而做:41把椅子的故事,王受之著,人民美术出版社,0
2193,现代家具设计中的“中国主义”,方海著,中国建筑工业出版社,0
2194,明式家具器型研究,张辉著,故宫出版社,0
2195,中国当代家具设计:从文化鉴赏到春在创新:from cultural appreciation to Chunzai creativity,陈仁毅著,故宫出版社,0
2196,中国现代家具设计创新的思想与方法,景楠著,东南大学出版社,0
2197,仙骨佛心:家具、紫砂与明清文人,严克勤著,三联书店,0
2198,道在器中:传统家具与中国文化,米鸿宾,故宫出版社,0
2199,走过江南,陈原川,中国建筑工业出版社,0
2200,明式家具研究,王世襄编著,生活·读书·新知三联书店,0
2201,现代中式家具设计系统论,许继峰著,东南大学出版社,0
2202,天工文质:明式家具美器之道说略,严克勤著,江苏凤凰文艺出版社,0
2203,明式家具的造物之道,姚健著,北京理工大学出版社,0
2204,大明境界:明式家具的智慧与价值观研究:study on wisdom and values about the Ming-style furniture,邱志涛著,湖南人民出版社,0
2205,晋作古典家具,路玉章著,三晋出版社,0
2206,纸基功能材料,中国化工学会组织编写,化学工业出版社,0
2207,LATEX 2e完全学习手册,胡伟主编,清华大学出版社,0
2208,LATEX入门,刘海洋编著,电子工业出版社,0
2209,LATEX范例学习与试卷论文排版,万述波编著,电子工业出版社,0
2210,简单高效LATEX,吴康隆著,人民邮电出版社,0
2211,LaTeX论文写作教程,陈新宇 ... [等] 编著,清华大学出版社,0
2212,从零开始学LATEX,李尚乐编著,电子工业出版社,0
2213,LATEX入门与提高,陈志杰 ... [等] 编,高等教育出版社,0
2214,LaTeX2e文类和宏包学习手册,胡伟编著,清华大学出版社,0
2215,活字印刷术,高峰著,湖南科学技术出版社,0
2216,西文排版:排版的基础和规范,(日) 高冈昌生著,中信出版社,0
2217,排版造型 白井敬尚:从国际风格到古典样式再到idea:国際様式から古典様式へそしてアイデアへ:from intern...,张弥迪编,湖南美术出版社,0
2218,排版的风格,左佐编著,电子工业出版社,0
2219,由一个字到一本书:汉字排版:Chinese typography,刘晓翔著,高等教育出版社,0
2220,3D打印技术概论,史玉升主编,湖北科学技术出版社,0
2221,3D打印技术概论,陈继民主编,化学工业出版社,0
2222,书籍设计,(英) 安德鲁·哈斯拉姆著,上海人民美术出版社,0
2223,书艺问道,吕敬人编著,中国青年出版社,0
2224,网格系统与版式设计,(美) 金伯利·伊拉姆著,上海人民美术出版社,0
2225,PLAY·纸标本:听黄子钦说封面故事,黄子钦著,上海人民美术出版社,0
2226,破译网格设计,(美) 贝斯·托恩德罗著,广西美术出版社,0
2227,企鹅75:设计师·作者·编辑,(美) 保罗·巴克利编著,上海人民出版社,0
2228,版式设计,张爱民编著,中国轻工业出版社,0
2229,版式设计培训教程,(英) 约兰达·萨帕特拉,上海人民美术出版社,0
2230,版式设计,魏东编著,中国传媒大学出版社,0
2231,现代版式设计先驱,(英) 赫伯特·斯潘塞著,上海人民美术出版社,0
2232,版面设计.第2版,王俊编著,中国建筑工业出版社,0
2233,设计师的设计日记,南征编著,电子工业出版社,0
2234,版式设计,周峰编著,北京大学出版社,0
2235,装帧之美,铃木成一,中信出版社,0
2236,现代版式设计与实训,编著吴烨,辽宁美术出版社,0
2237,经典企鹅:从封面到封面,(美) 保罗·巴克利编著,上海人民出版社,0
2238,版式设计,任莉编著,人民邮电出版社,0
2239,书籍设计,杨宇萍编著,北京大学出版社,0
2240,立体书艺术,(法) 让—夏尔·特雷比著,四川美术出版社,0
2241,装订道场:28位设计师的《我是猫》,Graphic社编辑部编著,上海人民美术出版社,0
2242,亚洲的书籍、文字与设计:杉浦康平与亚洲同人的对话.第2版,(日) 杉浦康平编著,生活·读书·新知三联,0
2243,版式设计,王同旭主编,人民美术出版社,0
2244,版式设计速查模板1000例,樱井和枝 ... [等] 著,中国青年出版社,0
2245,敬人书籍设计,吕敬人著,吉林美术出版社,0
2246,书籍设计,毛德宝著,上海画报出版社,0
2247,装帧设计:书籍·宣传册·目录,(英) 罗杰·福塞特-唐编著,中国纺织出版社,0
2248,栅格系统与版式设计,(美) 金伯利·伊拉姆,上海人民美术出版社,0
2249,版式设计+:给你灵感的全球最佳版式创意方案,王绍强编著,中国青年出版社,0
2250,网格系统与版式设计,方舒弘著,中国美术学院出版社,0
2251,版面设计网格构成,(德) 汉斯·鲁道夫·波斯哈德著,上海人民美术出版社,0
2252,日本版面创意,gaatii光体编著,岭南美术出版社,0
2253,版式设计指南:网格应用的基本原则:100 design principles for using grids,(美) 贝丝·托恩德罗著,广西师范大学出版社,0
2254,平面排版基本的基本,(日) 佐藤直树+ASYL著,上海人民美术出版社,0
2255,版面设计艺术,徐丽主编,化学工业出版社,0
2256,版式设计原理,Sun I视觉设计编著,科学出版社,0
2257,书妆:书籍装帧设计,北京迪赛纳图书有限公司编,华中科技大学出版社,0
2258,书籍设计,李昱靓编著,人民邮电出版社,0
2259,书艺,善本出版有限公司编著,电子工业出版社,0
2260,什么是出版设计?,(英) 拉克希米·巴斯卡拉安编著,中国青年出版社,0
2261,版式设计,张萌主编,化学工业出版社,0
2262,版面设计黄金法则,(日) Obscureinc工作室编著,人民邮电出版社,0
2263,书衣二十家,何宝民著,海燕出版社,0
2264,亚洲的书籍、文字与设计:杉浦康平与亚洲同人的对话,(日) 杉浦康平编著,生活·读书·新知三联书店,0
2265,观·物:两宋书籍设计,岳鸿雁著,上海交通大学出版社,0
2266,敬人书语,吕敬人著,重庆大学出版社,0
2267,从设计看企鹅:企鹅七十年封面艺术史,(英) 菲尔·巴恩斯著,中信出版集团,0
2268,企鹅75,(美) 保罗·巴克利编著,中信出版集团股份有限公司,0
2269,装帧如花,何宝民著,大象出版社,0
2270,写给大家看的设计书,(美) Robbin Williams著,人民邮电出版社,0
2271,水力学,齐清兰编,高等教育出版社,0
2272,中国大坝建设60年,主编贾金生,中国水利水电出版社,0
2273,深厚覆盖层筑坝地基处理关键技术,余挺 ... 等著,中国水利水电出版社,0
2274,水泵及水泵站.第5版,主编冯卫民,中国水利水电出版社,0
2275,水库大坝智能建设与运行安全智慧管理战略研究,钟登华编,中国水利水电出版社,0
2276,水工混凝土建筑物检测与修补加固技术新进展:第十四届全国水工混凝土建筑物修补加固技术交流会论文集,孙志恒，陈改新，夏世法主编,中国水利水电出版社,0
2277,空气动力学,吴子牛 ... [等] 编著,北京航空航天大学出版社,0
2278,乐嘉陵院士研究论文选集,曾学军 ... [等] 编,科学出版社,0
2279,空气动力学,钱翼稷编著,北京航空航天大学出版社,0
2280,建筑风洞实验指南,(日) 风洞实验指南研究委员会编,中国建筑工业出版社,0
2281,典型外形高超声速流动特性,李素循主编,国防工业出版社,0
2282,稀薄气体动力学,沈青著,国防工业出版社,0
2283,高超声速飞行器空气动力学,安效民 ... [等] 编,西北工业大学出版社,0
2284,稀薄气体动力学,吴其芬 … [等] 编,国防科技大学出版社,0
2285,高超声速空气动力学,瞿章华…[等] 编著,国防科技大学出版社,0
2286,现代可压缩流:以历史的视角:with historical perspective,(美) 小约翰·D. 安德森著,航空工业出版社,0
2287,飞行原理,邢琳琳主编,北京航空航天大学出版社,0
2288,飞机飞行力学,刘永学主编,航空工业出版社,0
2289,结构疲劳寿命分析,姚卫星著,科学出版社,0
2290,飞行仿真数学建模与实践,卢惠民编,航空工业出版社,0
2291,航空发动机控制系统实践教程,主编潘慕绚,科学出版社,0
2292,四轴飞行器DIY:基于STM32微控制器,吴勇 ... [等] 编著,北京航空航天大学出版社,0
2293,多无人机协同体系结构研究,曹文静著,国防工业出版社,0
2294,多无人机协同控制技术,周伟 ... [等] 著,北京大学出版社,0
2295,多无人机智能自主协同控制,宗群 ... [等] 著,科学出版社,0
2296,一本书看懂多旋翼无人机,李德强著,化学工业出版社,0
2297,无人机基础概论,主编马国利,西北工业大学出版社,0
2298,认识无人机:触手可及的智能飞行领航者,姜坤主编,化学工业出版社,0
2299,无人机集群防撞方法,汤俊 ... [等] 著,科学出版社,0
2300,无人机装备电磁环境效应与作用机理,陈亚洲 ... [等] 著,国防工业出版社,0
2301,无人机电磁兼容工程,王保平 ... [等] 编著,国防工业出版社,0
2302,空中机器人控制系统原理与设计:四旋翼无人机,黄鹤 ... [等] 编著,西安电子科技大学出版社,0
2303,无人机制作指南,(美) David McGriffy著,人民邮电出版社,0
2304,无人机DIY,(美) John Baichtal著,人民邮电出版社,0
2305,无人机:嵌入式控制,(法) Rogelio Lozano著,国防工业出版社,0
2306,飞行员人因失误的心理机制研究,姬鸣著,科学出版社,0
2307,航天分离设计,刘竹生 ... 等著,中国宇航出版社,0
2308,不确定性结构机构可靠性建模分析方法,张建国 ... [等] 著,科学出版社,0
2309,编队航天器:动力学建模与快速协同控制:dynamic modeling and fast cooperative control,梁海潮 ... [等] 编著,中山大学出版社,0
2310,高速飞行器热结构分析与应用,范绪箕编著,国防工业出版社,0
2311,结构动力学续篇:在飞行器设计中的应用,郑钢铁著,科学出版社,0
2312,天使的翅膀:宇宙飞船,刘进军编著,航空工业出版社,0
2313,火箭发动机原理,程谋森 ... [等] 编著,科学出版社,0
2314,固体火箭冲压发动机燃烧基础,任全彬 ... [等] 著,国防工业出版社,0
2315,固体火箭发动机试验测试,西安航天动力测控技术研究所编著,西北工业大学出版社,0
2316,航天器着陆缓冲机构,杨建中著,中国宇航出版社,0
2317,现代小卫星及其应用,张更新主编,人民邮电出版社,0
2318,发射气体动力学,苗瑞生编著,国防工业出版社,0
2319,星际唱片:致外星生命的地球档案:the voyager interstellar record,卡尔·萨根 ... [等],上海人民出版社,0
,,,,
,,,,
,,,,
,,,,
